-0.259546960753921,0.828520359418158,0.568253669950736,1.2150404590012,0.42440709658344,0.94359739203215,0.892822975402049,1.66182037350763,-0.0974099548548991,-0.0550042274708408
0.417650907657262,0.974496082271783,2.16756697887452,2.01449578468878,1.39081183806499,1.85274404646903,2.13015441711658,2.24158014161806,-0.193229925498134,0.35396772826259
-0.259546960753921,0.828520359418158,0.568253669950736,1.2150404590012,0.42440709658344,0.94359739203215,0.892822975402049,1.66182037350763,-0.0974099548548991,-0.0550042274708408
-0.79975744968128,-0.72007162677671,0.856689217547042,0.916330523170641,0.694482727520868,0.749386195805872,0.993305281375733,1.96674426351337,-0.356744125380053,-0.879609013431394
-0.929199786630764,-1.87717005645374,0.346701045084644,0.668431150874724,0.231425881486084,0.370307936568478,0.606932453398408,0.350593063561606,-0.970576105441665,-0.614659057307218
-1.03165624587212,-0.205221816177247,0.877625123223537,0.811970427598719,0.38693694488175,0.965929999007627,0.690552185584032,1.49527985811124,-1.04031947891907,0.00288152753715214
-0.294656068991144,0.853617446919253,0.589135588326943,1.25603570255064,0.441576937871872,0.95569554956554,0.906913476824262,1.68614576430456,-0.0915786535713201,-0.0915276643332332
-0.259546960753921,0.828520359418158,0.568253669950736,1.2150404590012,0.42440709658344,0.94359739203215,0.892822975402049,1.66182037350763,-0.0974099548548991,-0.0550042274708408
-0.262676377914912,0.795223974522315,0.584464658969474,1.198578113603,0.409610006747787,0.935814274727675,0.88787540552509,1.65342136225273,-0.0942974051989125,-0.0460168223852369
-0.262676377914912,0.795223974522315,0.584464658969474,1.198578113603,0.409610006747787,0.935814274727675,0.88787540552509,1.65342136225273,-0.0942974051989125,-0.0460168223852369
-1.43181951267492,-1.04050087509741,0.656986769710211,-0.0990395386831363,-0.544875162620805,0.329576746490155,0.138308510824532,1.39720598255281,-1.77461336272274,-1.51370368258787
-0.239756976930985,0.934930165657807,0.581195285847346,1.26942487901948,0.152191547179052,0.910990772660601,0.816405695401197,1.65207108111095,0.0200343501489031,-0.152563839708288
-0.449235197861436,-0.256971990087337,1.17943532741605,1.26151415893724,-0.183449303422425,1.1195302267135,0.274539833286721,2.44919793606509,-1.08678341153592,0.652431790275054
-0.557327339202324,0.256553403795341,0.42125978984234,1.02350253790654,0.0494057903411245,0.558905307156537,0.844424784612176,2.23961347770035,0.0100537882909262,-0.565632083510881
-0.318660787740834,0.722421948226443,0.533661549192478,1.35142821938535,0.336470305152795,0.738796441870395,0.88132293229149,1.75949320345332,-0.119061505376031,-0.239888602757453
-1.04137140555225,1.17354922519085,1.22425312956463,0.918319009696589,0.185798734296758,1.30247463106493,0.512112325284036,2.67580641128225,-0.221616381919323,0.710618392053112
-1.4998409006662,-0.26604125492541,1.16618050240227,1.23690433346498,0.36317335179361,0.297222921638253,0.98672042402942,2.43631720501294,-1.19902601694707,-2.00803805519559
-0.721658076680962,0.264452485757598,0.75090193715969,0.856629368686434,0.691933659682963,1.59203718402665,1.30365153400846,1.77484132002803,-0.312008294965852,1.05501051546654
-1.2622504854015,-0.967887545985199,0.175518480393458,0.415990482283426,-0.125862613593265,-0.328720788363878,0.510581192603146,1.54763401536847,-0.585079961414375,-1.01667887328743
-0.720166524207167,1.07462096772633,-0.0316534610234129,0.623260252199399,-0.637741826196665,0.687347890926951,-0.155245581694044,1.46123129624072,-1.82994915398986,0.227547196202347
-0.560882622045806,0.443346840845438,0.443402265922455,1.40566748885563,-0.300914134706999,0.418726291517001,-0.523685619257451,1.7395719676583,-2.24624949711953,-0.047600203414089
-0.188715424634118,1.75441620111685,1.98464180174787,2.13487893055733,0.979533398660485,1.21017092533578,0.930547474854186,2.39467010541936,0.951366979833779,1.40882422469848
0.576552731710907,1.12044333340861,2.41113744257565,2.67847516642061,2.75916641578042,1.53591774499754,3.2976037823081,3.00109823460322,1.67011134800897,1.4153425038693
-1.67823937356234,-1.08721608716883,-0.533532452921088,-0.241708385296837,-0.278627416727152,0.0776069218351004,0.282358431838775,1.49003586408364,-0.946391817057605,-0.628942442047724
-0.202708864838708,1.1226575463211,0.51222208086128,1.51448922894266,0.699621264890194,0.779199065281188,0.507049634915195,1.25156894360959,-0.999702363752762,-0.265748202039831
-1.10032801340667,-1.05843144331295,0.0259624775030008,-0.204363453472811,0.135279672128889,0.120698924514663,0.310277566224924,1.15510214603433,-1.84954524546127,-0.900414437074514
-0.966368040297542,-1.6884281309431,1.09511969851007,0.294530699024673,-0.00748858747933699,-0.490266774235707,0.580307517686354,0.0838001906563914,-0.384311476496854,-0.412646269327178
-0.197560703550245,0.0963083981596331,-0.269416414146143,1.50843618159841,1.12131712321253,0.444798112771312,0.406506962321166,0.983854164511643,-1.0943602220575,-0.115725594271544
-0.348909587078782,-0.873955326717915,-0.388921456355647,0.476892286804138,0.380497533759198,-0.0413857736180865,0.858575551708492,0.762736097440194,-0.617787765779549,-0.707383946764065
-0.71666334041785,0.206001782483644,0.921533942152307,0.666319318656348,-0.102383729979221,0.584298439200015,0.363380817784303,0.76842883358096,-0.358360735704898,-0.347332797196777
-0.457906761554719,0.952738895239733,0.560160494962565,1.27668489603876,0.366903000875136,0.813320579075113,0.734686225396034,1.64728856354099,-0.163414196647539,-0.23795184146222
-0.236426700197424,0.752523695085688,0.529077494665494,1.20894682349978,-0.059837492058696,0.587324368957833,0.384337147564372,1.52795030883797,-0.057189729050295,-0.18033370743048
-1.05262591679355,-0.00383656270370179,0.95434200777958,1.51966631961195,0.669869854585833,0.00179661278282518,0.576488301548504,1.07068389096121,-0.835327092403139,-1.38996411565153
-0.425168039793428,-0.140254101731307,1.18028595235031,1.40806254978086,-0.23245290664288,1.38447013270354,1.30451740098855,1.94385440083706,0.338740348083678,0.271037287381763
-1.67897317318948,-1.31810626204309,-0.21067476595765,-0.239143857369448,-1.15352256736608,-0.615529345956842,-0.239214860470876,-1.10252685627968,-1.69706041965954,-1.04112345230983
-0.249624466877816,0.842166994083123,0.56304205429805,1.25377405319938,0.4686669591404,0.913695444175594,0.877783059729472,1.65677425902651,-0.105589642478071,-0.0714733018318772
-0.135640944505712,0.85067829218028,0.637501091893754,1.34676489458707,0.526782126944123,0.998760252597215,0.922816333639625,1.77676928810406,-0.0402361059546026,-0.00105031216998256
-1.10835424241796,1.46166888328061,0.556409144291865,1.55956822317079,-0.338048907821176,0.767485202465729,0.769167464591987,1.69156980236477,-1.23309534981138,0.703230377772743
-1.17634098458572,-0.424879237558925,0.515323480062254,0.516226999942535,-0.0299082043453566,0.417086106385394,0.580750555793136,1.30746472521943,-1.44780138380628,-0.930718284706161
-1.76679091373937,-0.846488433197709,-0.874477463396526,-0.483139879293223,-2.05273196427731,-0.221034346364743,0.33375300134717,0.968837925260164,-2.64879069234057,-1.10124086493394
-0.238942676338988,0.865849438994763,0.581857958845766,1.28369290587648,0.494603759464322,0.939088436666871,0.902828501941527,1.66605590680071,-0.0920614103164886,-0.0718832854158261
-3.02197609830813,-1.29425113362445,-1.0550970847379,-0.361862830929111,-1.51021372463547,-0.202292755699726,-0.633484891766204,0.804378436606153,-4.03959233661351,-1.79515412976462
0.061363652477738,1.0493932287032,0.671450103914447,1.32290996310693,0.133506199945548,0.59963073546188,0.632420941696797,1.67471737685176,0.255768912086736,0.000296877154320616
-0.227748101652812,0.860083466905254,0.570387992960473,1.2713464973909,0.474812964735465,0.952409369095919,0.910642298821075,1.66349618467487,-0.0826622420054468,-0.0978420005945149
-0.278745951382732,-0.0185938684030405,0.589486071436281,1.75832433884258,1.18392417708619,-0.040680598430165,0.601375911984153,0.593170357893581,-0.674407446934912,-0.197277967837468
-1.09733452937495,1.69898878440563,1.54202806222272,1.14251525374328,0.710226119541586,0.83909531057718,1.93261643152933,2.36823563359289,-0.0172164668689889,0.503555468618884
-0.272233833834265,0.868414687719426,0.573078172616344,1.31041222660466,0.480977665751364,0.926996429855902,0.920105293537942,1.69705749141232,-0.137447605542167,-0.0658516226292103
-1.05035432675068,-0.224506609517314,0.927793004140021,0.547817659270498,-0.673973063470049,0.217907243979465,0.236968910235348,0.913215106763556,-1.05122543587469,-0.398297002487685
-0.810139212015885,-0.298700942447926,1.66696876799994,1.61372846448555,0.141516014270622,1.85656388080208,0.668157858895629,2.15656429052276,-1.00169335018254,0.257993516613748
0.557963888554439,0.547825613546592,1.45646513464143,1.95372660276252,1.82023233633015,1.26427635215975,1.67297487432837,2.20482211391576,0.54975892711142,0.752407907878804
-2.37829008057344,-1.36374580114791,0.0482869285291475,-0.0316128462730096,-0.795153027290919,-0.334020161678331,0.496227217387709,2.03881071112993,-1.57231745856749,-2.05213765708144
0.200819740091386,0.735977723753523,1.61695734552947,1.97541118294206,1.90387173370077,2.50198473938614,1.80498024126533,2.45521654007515,0.591278442883891,0.545537582001065
-0.30970259621632,0.932901035358292,0.61056092015534,1.51980557527718,0.290607200947673,0.769772525984271,0.784016260696485,1.81605233115281,0.0518705496759164,-0.0597205511616573
-0.246404670296644,0.813389736105234,0.556295213348625,1.20650449389889,0.437365360055312,0.932654651842653,0.906109908627136,1.66713072479965,-0.12479297897307,-0.057350809291954
-0.53374091679487,0.444123660769794,0.469452240153304,0.833268083722747,-0.21955282494504,1.14782163960863,0.479543082549519,2.63784883147343,-0.758799775908991,-1.47205652462975
-1.29418011880964,-0.0343768642998319,0.234874923779047,1.85884959206959,-0.272252820774598,-0.478519539170873,0.729132466531084,1.65331018313957,-1.37512540441901,-0.0552612720436678
-1.36110370576612,0.52511106268249,0.906217751936511,1.29848993464218,-0.296411954389016,1.42699131958799,-0.113748682553482,1.7682973079789,-1.06143937603677,-0.669257040687204
-0.437599197814232,1.07459619854548,0.574597669986126,1.25926468146293,0.251503750471341,0.593080653414081,0.608154084872983,1.68939741986127,-0.222537480167126,-0.30091805808835
-0.271337083336848,0.83581288685918,0.612135470989356,1.30171922302504,0.45302238567306,0.905948198040828,0.890994941513811,1.68346733566471,-0.154048343445007,-0.101585865978277
-0.291359967360602,0.85064705637485,0.630708140313591,1.32072990583122,0.44390518149842,0.817272104955527,0.970532404371827,1.80531451823244,-0.161434834352644,-0.125056959521967
-0.354544822134463,0.822706855482859,0.666280026571066,1.43690710349307,0.32975709696007,0.855296143333958,0.889153565673629,1.81998703244829,-0.0400018129674839,-0.184211923969964
-0.353554995993353,0.817173740280558,0.515319296413145,1.27453397336199,0.293819889450655,0.800679160743997,0.894897836370205,1.73433126750219,-0.0901411249963709,-0.191896320359349
-0.32862061452567,0.866042547167452,0.997426223973213,1.00723149276843,0.40162785131331,0.98493953096194,0.63492719960555,2.63230567899159,-0.0694560051754603,0.0352152966845485
-0.180516046729597,0.882545822249746,0.637905109075638,1.30718012824714,0.467220026853946,0.918679230613515,0.909008926652474,1.75518807624279,-0.104379161351871,-0.100864237871851
-0.1518199147659,0.905144709857149,0.471884993478433,1.88378741913585,0.997528673071281,0.838137397154715,0.70026947063962,1.91131266375879,-0.766354175555117,-0.26757015918995
-0.251434441114624,0.865877797746149,0.594277512144789,1.23750359429344,0.440449843087261,0.917512128926509,0.914283952796677,1.65477152988006,-0.111497995407673,-0.0585579288986703
-0.421049116311982,1.04964978589362,0.714759057689572,1.53730941370496,0.186083063133942,0.451605272606715,0.777869093961121,1.76559146691623,-0.297880122374737,-0.306974746295395
-0.55803325292154,0.352488269711098,0.841500075410191,0.678259220663052,0.0308191970270231,0.327322523728982,0.667723604199377,1.68405230195405,-0.494615479203921,0.979173501344046
-3.19216339352781,-0.504483419662506,0.640265810873063,-0.0507064548353961,-1.21076723743725,-0.436197419054498,-0.103309199555225,1.25824056214007,-1.63037893092297,-0.424092069553524
0.108582502775749,0.87039529845129,1.07455638932302,0.741557411401115,0.0474304901162792,2.07186065545075,0.829454889583455,2.12990635044486,-0.702282696861863,0.157639170638653
-0.238135169722685,0.831156808745906,0.534651633587285,1.2123640724406,0.423901717041846,0.941040678053804,0.860332221977774,1.63927280706721,-0.144577207338794,-0.0747651401809985
-0.259546960753921,0.828520359418158,0.568253669950736,1.2150404590012,0.42440709658344,0.94359739203215,0.892822975402049,1.66182037350763,-0.0974099548548991,-0.0550042274708408
-0.259546960753921,0.828520359418158,0.568253669950736,1.2150404590012,0.42440709658344,0.94359739203215,0.892822975402049,1.66182037350763,-0.0974099548548991,-0.0550042274708408
-0.232295595358887,0.856332540180636,0.570953497741356,1.22957910305135,0.429981133030449,0.97259694771993,0.88517545489885,1.66813766936129,-0.107924018177477,-0.0446746121522179
-1.21599415350834,-0.19161666567129,0.959651139282004,1.13756312907358,-0.12136421962208,1.45554169078727,-0.0801744187944202,1.93487568064596,-0.514468451329688,1.06928618442391
-0.259546960753921,0.828520359418158,0.568253669950736,1.2150404590012,0.42440709658344,0.94359739203215,0.892822975402049,1.66182037350763,-0.0974099548548991,-0.0550042274708408
-0.259546960753921,0.828520359418158,0.568253669950736,1.2150404590012,0.42440709658344,0.94359739203215,0.892822975402049,1.66182037350763,-0.0974099548548991,-0.0550042274708408
-0.737855331664363,0.110317538475212,1.20771801123935,1.53747261121764,0.408756572829859,0.465315659467969,0.275572461474345,1.92066101679234,0.0211681365517909,-0.580961838118655
-0.259546960753921,0.828520359418158,0.568253669950736,1.2150404590012,0.42440709658344,0.94359739203215,0.892822975402049,1.66182037350763,-0.0974099548548991,-0.0550042274708408
-0.804659577423232,-0.163848914427374,-0.891701993796329,1.1816440955791,-1.03232840845732,0.246322963537476,-0.162901710096622,1.00177900989141,-1.19081012420994,-0.912706026473117
-0.259546960753921,0.828520359418158,0.568253669950736,1.2150404590012,0.42440709658344,0.94359739203215,0.892822975402049,1.66182037350763,-0.0974099548548991,-0.0550042274708408
-0.242050066022556,0.947237961512288,2.43088957140304,2.20230807692941,1.63439252129796,2.08569417152941,1.76380636216466,2.21324524860389,1.33128821488527,1.40571919229817
-0.259546960753921,0.828520359418158,0.568253669950736,1.2150404590012,0.42440709658344,0.94359739203215,0.892822975402049,1.66182037350763,-0.0974099548548991,-0.0550042274708408
-0.989210931097862,1.16798437651421,1.03649623413616,1.32308856298046,0.443922918405101,1.68778059720008,1.72451328610947,2.46675391422164,-1.13614814624898,0.160177679161126
-0.715262931094116,-0.0436508213743864,1.15265899052954,0.895913283494434,0.692553349596623,1.28047781820069,0.179929551266323,1.67168557663978,-1.36837845419279,-0.349288735084034
-0.259546960753921,0.828520359418158,0.568253669950736,1.2150404590012,0.42440709658344,0.94359739203215,0.892822975402049,1.66182037350763,-0.0974099548548991,-0.0550042274708408
-1.77746291220142,-0.411811334895374,-0.478280823506144,0.242160695542707,-1.3216227152295,1.60626926728164,-0.305723447861051,1.18849727773969,-2.48627614118361,0.203684921902046
-1.1415016416041,-0.963246075867613,0.232073576527514,0.365753159192468,-0.167804679912074,0.118594738666145,0.435223244378783,2.01223863997968,-0.938532180753884,-0.199644719130407
-1.94105683143652,-0.216281729471525,1.72150791760626,1.68021427885846,0.516770036841501,-0.0747369892258557,0.689327706471254,0.540494803736703,-0.981889632193425,-0.572632667832209
-1.7820518699574,-0.246910561056164,-0.343022311413588,0.964436114803738,0.209138327441803,-0.499171431430624,-0.271680392153196,-0.195965519451393,-2.20871307817307,-1.16062274693307
-1.15926400886616,1.38384484128399,2.00533554470809,2.11207010778614,1.04307785497438,1.44905831488567,2.13143979923292,2.60866452228471,0.466364337731852,1.12124907858343
0.0951506763953136,-0.494976856464811,0.781552978721468,1.52938636238563,1.23267819566299,1.10000165189234,1.68494071674058,1.83521059253257,0.115693315859794,-0.295860536186861
-1.32025229961057,-0.891984191015747,0.976038133077478,-0.565761278166587,-0.88965638739932,0.577124237240118,0.976109131058258,0.542291743365306,-1.85763898670533,-1.31627436958349
-0.259546960753921,0.828520359418158,0.568253669950736,1.2150404590012,0.42440709658344,0.94359739203215,0.892822975402049,1.66182037350763,-0.0974099548548991,-0.0550042274708408
-0.262676377914912,0.795223974522315,0.584464658969474,1.198578113603,0.409610006747787,0.935814274727675,0.88787540552509,1.65342136225273,-0.0942974051989125,-0.0460168223852369
-1.53243033453001,-0.73745346821427,1.02502554453379,0.827949203845896,0.648453296630004,0.429945430037016,2.16350831834801,0.826438807445091,-0.721821229012678,-1.09342027131477
-2.21888749756723,-1.9538456325003,0.756518020177334,0.951880674372726,0.344451920030545,0.00628229050920228,0.529865046989814,0.639672172793938,-1.59668302256907,-0.319399793766033
-2.14873909853651,-0.0894079727382959,0.78033315168685,1.91366476292911,-0.34543715409751,0.134232895244184,0.173199541158263,1.91490228255675,-0.494780406526883,-1.16628830769064
-2.04609653823485,0.842362832980137,1.52906923342709,1.22917232623211,-0.538280142672474,0.21381270139682,0.970189560170084,1.87708319209258,-0.822501901947278,0.65861755497008
-0.463484099456742,-0.311203032410559,0.564266242211658,1.20841210088075,0.239630209242504,0.409895399779598,1.27432736600617,1.82119932508213,-0.612939397756239,-0.238692070463963
-3.21153546943347,-0.872047291426309,-0.757185382676164,0.923945193466483,-0.859548524578569,-0.668637886407649,-0.0898524425126194,0.628984441460022,-1.82098713445043,-1.73351450772555
-1.16096432353544,-0.390970734437514,0.444399598971073,1.66334323507432,-0.186336699320223,0.710265030313283,-0.488728046522086,1.77892440898797,-0.61518343123435,-0.334755803519883
-0.939933846236443,-0.0103393393572427,0.684203182180985,1.39704340004932,-0.267728716050594,1.89047958408548,0.994247092534767,2.10111821019901,-0.980937468075709,0.238988763173556
-1.32482641996521,0.658618973769237,2.35622826484888,1.46604615083586,0.968818947575043,1.29880063935278,1.9069683826536,1.61980879259416,-1.68104465660436,-0.319820005446646
0.254423633476379,0.939962058005014,2.2136079707965,1.00848533608079,2.00576867554678,2.16085231084943,1.63810826288066,1.8145005917794,0.989229599107017,0.391825295580649
-1.5854206243554,-0.0104145432531541,0.863565515985323,0.900336903635321,-0.651921827704752,1.14542313503249,0.462673404500554,1.30990709082824,-1.06550671922376,0.234921025643573
-1.32646512742091,-0.640460264476843,-0.146998747230547,-1.26868114082794,-0.908385793731035,0.627567256146367,-0.869779714458389,0.482641595178437,-1.33522726500032,-0.718488637337452
-0.856166991210507,-1.82039407466809,-0.0550395548504296,0.777769158028461,-0.581989338591182,0.0341920750684553,0.749043510802984,1.33198608711114,-0.405261571222354,-0.251434229008344
-2.30928357513964,-0.0678344266980513,-0.260334185507381,0.890289630211962,-0.43653346900995,0.136672592215094,-0.257239660562748,0.781796970216386,-2.05914889748237,-2.22157409664359
-0.0178076600802296,1.53437933676065,0.516143416212226,1.21976663048257,1.05772620514626,1.38188506034543,1.6405076977944,1.89300360375937,-1.51384697950282,-0.128657499888813
-0.898507334921269,0.112632892186238,0.606536846162468,1.92060750058543,0.601099545932551,0.420053425044903,-0.442805770901952,1.72219631089548,-0.422979254123075,0.467503270032954
-1.25054729511076,0.226412555696072,0.165527663317624,1.34013752166284,-0.557050385085206,1.05955079992628,1.46247789690956,1.93808124561627,-1.98689834264188,-0.157965846995163
-0.415865278892599,0.371812396122119,0.594510747288226,1.45828745676813,-0.468046712455121,1.21062291724875,-0.338593809583822,2.5532515286996,-0.32448530594148,0.375784180544905
-0.78782020925144,0.455086233526976,0.786423689853953,2.40143758787443,-0.149890059975013,1.11458630776944,1.17236273306116,1.70598758838416,-0.296756959114022,0.0220624384463562
-0.0314694063053952,0.122874515084914,2.15960781212045,1.57410033046058,1.31185293469578,2.04822374981298,1.28937694156082,1.68417274010811,-0.101526259273838,1.50716808072279
-1.36751481262977,-0.807208095944128,0.122747001559643,0.752376428761396,-0.288460847908905,0.297535161989475,0.85699846975079,1.51734492387591,-0.0679358553941413,-0.393684590567799
-0.897138425935256,0.57417387516101,0.978167626604617,1.3894669139588,-0.0545169422320625,1.23033374932825,0.090881764572191,2.2177929107968,-1.63829443254905,-0.304599586042459
-0.236884784077333,-0.130666003377468,0.574232433848585,0.555106297683384,0.156371547148102,1.69846080814502,-0.178182728751664,1.91501836216931,-0.32690516965629,0.245521073898402
-0.501434355825225,-0.643540544632468,-0.431679688461286,0.140734490016326,-0.963877805578217,-0.026079095206674,-1.06797268799203,-0.405512485502531,-0.180325158199679,-1.32401808770887
-0.53578044067998,0.649778079206496,1.22001654011922,1.50214281004253,0.647996368983668,1.4635664194445,2.95619781338459,3.28699928585167,-0.511874356338141,-0.209366291168651
-1.47408122164131,0.0293813070105573,1.51859634385021,1.38019283307078,-0.386283291809884,0.0483526731025636,0.245850690505166,1.66555121211512,0.806140018271715,-0.256505496724338
-1.64152403695004,-1.52392590824531,-1.06708900850589,-0.768515431141894,-1.41155159289349,-0.76760660195248,-1.49481823126624,0.0956058378119419,-1.35521251860957,-1.47673578992034
-1.31425577817695,-1.01310395507382,0.610789937848529,0.0325298352862567,-0.881374845590106,-0.203792969132593,-0.549511397466529,0.413685133482476,-1.0208490400702,-0.37038045592151
-0.330659557791175,-0.560554338008572,0.929728931763462,1.54533968725726,0.108164920725645,0.430056381761288,0.0947013578176545,0.836006574089366,-0.18329802610577,0.707003589854976
0.202583849740107,1.64069067153151,1.52594439274944,1.43170545264049,0.723114562541274,1.84599727185906,1.26846377830577,1.4667262171156,-0.586449662399336,0.880025278676408
-0.987459831201043,-0.716091096162771,1.03392157360346,1.56712067005144,0.485172602572442,0.937786155786191,0.166852081457221,1.45196212482691,-1.23231063428299,0.216913119467261
-0.83801619734439,0.243973994848558,1.06902962885324,1.50553082783358,0.0832040245900679,0.72176660513931,0.497244677654717,2.06558659067177,-0.0990463317709335,0.0353736929511243
-1.61305437815721,0.0121252089264031,0.891550299961708,0.691118990503069,-0.171169042732889,0.153790367299075,1.40186309839648,0.267788988381538,-1.11461782532759,-1.50781589879579
-1.63391908883205,-1.57264344295848,0.487424939253327,0.00518644655757636,-0.865694475191348,0.222691411945279,0.57669204596257,0.513133882171333,-2.020434416019,-1.00190947791822
-1.08546480445597,-0.151725664545176,-0.27007059270712,1.16784246101326,0.0176563659984657,0.56583609666315,-0.0724684801157393,0.85800706322338,-0.952662226284805,-0.385246411267366
-1.21654883836685,0.525568966562431,2.1860966650528,1.398668770826,0.619091777650189,1.60220567571661,1.12210479191248,1.83961554556459,-0.949110544614865,0.224629265216242
-1.5934735336884,0.444093758197137,0.72203788137851,0.565907383476808,-0.497403167003258,0.681255520506149,2.15636096813437,1.74689679060632,-0.629120946202524,-0.850180946057776
-1.4830349703269,-0.840516936072257,0.106853066385126,1.60582748426767,-0.269507148394012,-0.711769340144377,-1.26354192456147,1.25383422295754,-0.845108066771885,-0.61703626072909
-0.684371289603686,-0.740038593361707,0.988558427338361,1.94893106449118,0.455140958740293,1.39922232018926,-0.491994609874709,0.479724331108212,-1.08008396032597,-0.551513643905766
-1.52589559842055,-0.212986388425216,0.358539620511016,-0.0474907873712184,-0.727361464328372,0.235430477511454,-0.021628036845126,0.769692615349191,-1.67144038234506,-1.49601112525941
-0.272914431040284,0.907872141924778,0.5938319372529,1.3418053681973,0.491983887936049,0.940547566919193,0.930733947072625,1.70598626107313,-0.0605977091095283,-0.134797654394168
-1.05460069804004,-0.311724644416594,0.419586080492856,0.591697286171473,-0.108965822327424,-0.207808320394775,0.647351841665247,1.71660021607121,-1.10114938660519,-0.204084117326495
-0.251933717454227,0.878019729843631,0.614410980365721,1.33458610547329,0.466433708914014,0.847735068461076,0.936975228984911,1.74449245500042,-0.175769904464351,-0.1271980752766
-0.629626923987027,0.576028405937737,1.0626527890656,1.57357863952722,0.743202433426916,1.58491515456659,1.96257595007887,1.90334639481691,-1.06947984209786,-0.0809774558665949
-1.53870825061402,0.642262397249768,1.84068520338064,1.86458405343707,1.93102495142706,0.830025639927868,1.49792413602894,1.68976881566295,-1.12056774817311,-0.124001875449874
-1.75106094444392,-2.4913865157695,0.0446037382240687,-0.630158592005871,-0.748402403004807,0.0801278132214525,0.50338533625878,0.531137249092294,-2.75095019133291,-2.01437336750758
-1.43759505207756,-2.16863833165588,-0.0868306839346224,-0.487362494075747,-1.56765426084618,0.258936036657261,1.29128445701806,0.557600935125718,-3.4339267368607,-0.0963912785812033
-2.0860134468482,-0.711844562819205,-0.341014116845905,1.16841604869015,-0.648830618561285,0.741613921929329,1.93940877156924,0.700455108660727,-1.30131728350967,-1.25512447111702
-1.35841342192429,-0.688825923910676,1.54961512009209,-0.519137115928908,0.619078507692424,0.609831146802064,1.54857889612465,2.72640194189463,-1.86699668599626,0.720861057651999
-1.71030774167508,-1.61158810889276,0.993021295621307,0.382333883965723,0.102080816359748,0.565212116622163,0.369411423144702,0.169458893281687,-1.68238933119024,0.244269342979489
-1.26175738524024,-0.878632610901452,-0.240954823632517,0.287591222736176,-0.903323751701484,-0.249695764978165,2.15724245715097,0.635869875463448,-1.39031025551199,-1.21306771365654
-2.66878049730251,-2.80274820862348,0.292760747175827,-0.827690402170606,-0.581073536011439,-0.651522526541101,0.410575190601515,1.62990291983636,-1.96913441126724,-2.00225595022691
-2.09615170851252,-0.217865019603058,1.10333624313579,0.273793274873589,0.152390224299711,0.362944710501638,2.05743586478579,0.627070619997876,-1.56371325792451,-0.613609061065624
-0.049768672953995,0.653164915889428,2.09437837185184,0.903022145599188,1.56385285425931,1.92419370800476,3.02626961835422,3.85027978907528,1.2832414085299,1.87267406211123
-0.695232732914387,-0.351999703427441,0.504247825098615,0.907025545866596,-0.248852798896307,0.981205509538495,3.13103676266878,0.615099328370144,-1.91157495337952,-0.140738490856102
-2.03519787963863,-1.30533685948177,0.13807350263478,0.228580406426326,-0.875571763790272,0.990526578630846,0.962144168005089,1.44868489477373,-2.3394055864554,-0.623934194354167
-2.40054401496245,-2.40274813991117,0.659354253524333,-0.626223032493147,-0.397268779736983,-0.451207532316114,1.6647478776425,0.644416817043207,-2.75496934357842,-1.77895553464492
-1.91979301850131,-1.08797934662961,0.347604349581523,0.647102497406758,0.211246875276178,0.964706637162164,0.868250575181104,-0.252429028214158,-2.07756583116427,-0.447994914968512
-1.703202563529,-0.695231131190564,-1.08558656386917,0.883690895211189,-1.10836014883433,-0.102123695814558,1.17151993785197,0.589045947849718,-0.888953521530619,0.293490496295762
-1.33958931362471,-1.0393627095432,1.12837789962116,-0.186663345524283,0.476867047026075,0.140495069570863,0.303973111775271,-0.256052540451689,-1.10722252731953,-0.211553470488783
-0.730425341195028,0.938039059715478,1.46039732947765,0.731254743601658,1.2949579201647,1.34078030742359,2.31135867387976,0.522156651481574,-1.14364273588621,1.18596639735104
-2.11306949558725,-1.75909934348783,-0.127633590077601,-0.521771484188632,-1.02156406228539,0.988283170150348,1.14276642891239,1.18005236191548,-2.59393418316889,-0.741211321269078
-1.86665901800067,-0.376172711584345,0.880993301302104,1.27688330446159,0.156707397255291,0.337070539052201,1.85906343974645,1.3041280797637,-0.263454341689875,-0.055410330781551
-0.421936415391893,0.212340636487623,1.36808506124956,1.73354888208927,0.509548978095179,1.60888664755952,2.6608416712209,1.4968059764713,0.358848391272929,0.640023894819468
-1.33372286456413,-0.732071243668224,0.441710775101692,-0.0328629167175837,-0.282866240907689,-0.453462024341499,0.670302011972298,0.445461036012942,-1.81283682383852,-1.25414144926934
-2.0289262135912,-1.72400763364261,1.31318650375117,-0.626289212326704,-0.474553014929195,-0.755805795843071,-0.222400085823656,-0.130812438456305,-2.59242115615384,-1.267558304235
-1.14917001893227,-2.52965213697635,0.74710712266855,0.451927908525241,0.97875454479976,0.944341598393323,1.24634289037661,0.0490591815981685,-2.26891908355857,-1.01387205212244
-2.71782320773034,-2.17860921443851,-0.422931869261061,-1.24275424301345,-1.72559713038019,-0.163280980148025,-0.847840519163126,-0.0943368781196623,-2.88147072388083,-2.23093554860946
-1.13802892257987,-0.16702598192175,0.0280933410111897,0.465999436097341,-0.0420551929127675,0.166272477153747,1.42112653534655,1.2851720409522,-1.05985263620047,0.0157635646086799
-3.20042109426508,-2.9089890474705,-1.00933449591559,-1.45902344267665,-1.50500885886631,-0.873950071424003,-0.639826752896029,-0.816606194187339,-2.43048453161646,-2.64580191701994
-0.863233326707366,-0.0681067235956223,1.25949346723107,1.40904254431287,0.439200296257454,0.701489654054093,2.55780453055929,1.62462055862539,-1.49889956974576,-0.127881511305812
-2.76868662134082,-1.27323419194456,-0.366193687619794,-0.89300086568556,-0.863298245724455,-0.38722415738797,0.88351812412971,0.496706461031221,-1.92031198661663,-0.632820781020084
-2.26311657005155,-1.75185865060118,0.607234804271243,-0.697912882579389,-1.53815919036825,0.0632532513127582,-0.563805505404226,0.474046529138565,-2.00233240666637,-0.364552540679016
-1.87422309741455,-0.615126347996772,0.499865236826132,0.219231222448614,0.519113543390348,0.0472452477926187,0.470772501141742,0.285236305904538,-1.64377526295618,0.0566956784673149
-1.8020589343062,-0.605546215859326,0.511402708419297,0.243395376123513,0.530003434031013,0.113408943191585,0.520949229667943,0.289139447130694,-1.60898241368498,0.0941849139389688
-2.03377560946269,-0.697049975563423,0.180629701941529,-1.04505583289721,-1.46849267052264,-0.0197839150743593,-0.469480915619514,-0.242825076343598,-3.30386591172038,-0.76453503294466
-1.60036516759579,-1.13950989822967,0.687843869924646,0.398405207261771,-1.56931958511495,-0.0403449161727286,1.01364942561916,1.64973606312641,-1.41916592586502,-1.32592374472058
-1.22307052681979,-1.1574954237807,0.623311980908562,0.936978947116074,0.149338862763223,0.0867358972072643,2.27515129858299,1.73890137532504,-1.45168510035279,-0.523513898440697
-2.42193739568243,-2.86618724599189,-0.548462167588556,-1.06721923421879,-0.876604319204893,-0.355868785525748,-1.35914308546021,-1.05348490367562,-2.45494746570291,-1.63736064792644
-0.568815570098029,-0.318240688181297,1.12330158205361,0.445568922898657,0.305143590589532,1.22244224129298,2.17456763661223,1.13155879858483,-0.944633356764806,0.18988949982112
-0.641023500450701,-0.632452341453492,1.08872421178159,0.155693558914133,-0.375589388023276,1.10576469658914,2.17962041021082,1.10503278160187,-1.47051181988702,0.176893741690372
-1.91298893154418,-2.04698662210624,-0.503176668225651,0.248499152647243,-0.844828371142108,-0.291070542900354,0.38293871536411,0.425699663861805,-2.34116775997269,-1.27378833962328
-1.7884944864232,-0.651633466516315,1.16202059685781,0.53213241831746,0.36008548191251,0.835988091492944,2.12413157963483,1.9722503518804,-0.78710932290548,0.392452838395023
-0.406826122402571,-1.2805192551706,0.148704883063671,0.682715727195686,-0.661993004763764,0.520816758457087,0.610067734058888,0.458112586024215,-1.85417237253711,-0.615566029927464
-0.230500748914723,-0.783002925023877,0.170341244907763,-0.102626284648746,0.173031367012542,1.00389639459851,-0.212796110298775,1.44192527433068,-1.71851506396806,0.196194704675365
-1.93004812742663,-1.75197395833367,-0.173090331214163,-0.203331021993104,-0.981679673007971,0.750470461360997,0.305347685084444,1.5946902578726,-1.65292922770399,0.109155257512291
-0.494925371533998,-0.914052510312967,0.0236043027073235,0.437925173604589,-0.981689636847947,0.580003119272243,1.10540039328699,0.561075318552742,-2.46836882737028,-0.650137026099381
-0.477951048115303,-0.903037853316493,0.0517196899048374,0.457197419698155,-0.958813463779538,0.590635295854571,1.12365500507435,0.573951202258411,-2.43263758650419,-0.634283858560426
-0.0569509221965858,-0.773930985109721,-0.551548490130699,0.424245995649104,0.0521548567797251,-0.193311007532133,0.548079319611997,-0.149560387161977,-0.97524248094186,0.628885613744295
-2.0756954438361,-2.50841990685133,-0.889444931976764,-1.13187466191157,-1.33339311715697,0.392199781491866,-0.880203492467514,-1.70226408109886,-3.34837811703344,-1.1534901537791
-0.413935369510647,0.298702963134157,0.605898052191251,0.53611671072935,-0.0284555833751852,0.654049893239228,1.42187005382969,1.4195384202869,-1.5367370367841,-0.461055195627091
-1.90677754050109,-0.440980249236233,0.348646065104672,0.85255741604782,0.0800687329397544,0.43745316164953,1.61542848343319,1.69009183438475,-0.95171605251781,-0.715774901800675
-1.6127774032141,-0.105458879910604,0.282241929135782,1.12843867713184,0.549753958807344,0.234032653076656,1.76559055204058,1.84813150088347,-1.01942659048995,-0.484217530170663
0.264715685132309,-1.62497756193764,0.701217163630663,0.453440080750721,-0.626691950012036,0.730474289184702,2.2348296254481,1.23804870087347,0.0365604919352049,-0.430997799704803
-0.525073415051818,-1.77116682142242,-0.592051543810595,1.10934934848624,-0.965892183296292,-0.45671627759967,0.896714013954635,0.855222180920937,0.193490119236519,-0.881641061688215
-0.966163729761933,-1.26943230918685,-0.0495197554460858,-0.234174793288198,-0.722424151464496,0.266347348278663,1.45679424062415,1.18913040876385,-1.24594489786607,-0.134884977588027
-0.615647009685428,-1.41809130224821,-0.237442274502013,0.337170779010632,-0.306005662462042,0.916099781333643,0.659755149518206,1.0871992437074,-1.90900106780865,-0.463714328439069
-1.26741413831245,-1.05288175336828,-0.329835319435553,-0.837989091291374,-1.15223188315016,-0.299117346979279,0.333918580196556,1.11252519754118,-2.40497056425168,-1.05419696774917
-1.94969380788305,-0.615731164231588,0.667144884829233,0.0719166583649131,-1.0321514126221,0.814330994510741,1.6315231352008,2.89262611266042,-0.957159191290024,-0.138607517634054
-2.33601989942584,-1.49755052694962,-0.623009843972693,-1.04186016693952,-1.26336940052549,0.797602056360406,-0.108559901445474,0.959210176720084,-3.5403516993811,-1.30582101027538
-1.60178106734364,-1.07793679648671,-0.83589612407837,-0.0233104238303977,-1.0015123891342,-0.0613474652983772,0.554291018422428,1.15468899752076,-1.82398430702507,0.177985695671258
-2.46928184675625,-2.79846833716122,-1.46881803965758,-0.85128162173719,-2.53876242423875,-0.208823436704243,-1.51585575159835,-0.142986967151782,-3.2783955326126,-1.94848555052434
-1.98525765912831,0.363564266110417,0.710263910069609,1.21835192087016,-0.86820543508658,0.364096083639054,1.51510445375539,2.05783756331534,-1.74057303656693,-0.0404302635130078
-1.79462599856815,0.0973836077396164,1.16268600918476,0.476403344991177,-0.393192287437341,1.49918200999868,2.27424259074433,2.11308064465759,-1.04678460498898,-0.385772314157479
-0.978162820631522,-0.962167787213322,-0.0983475481733703,0.362842717547876,-0.179259279188626,0.194516918931444,2.0087015301069,0.662394321930321,-0.370483946486161,-0.642126769277994
-1.576139604824,-0.520871624550985,1.68475249916145,-0.05096433238668,-0.497349061375839,0.691834557775853,0.855837430271906,1.90702403019362,-1.73053195088613,-0.647178912942224
-0.195321260412459,-0.57239423953313,1.20579413144236,0.939023434561854,1.37508893624853,0.62313797314523,1.00233678433024,1.53067842550198,-0.636895440522342,0.539620191772482
-1.48201759570539,-2.30482769090359,1.01033767360277,-0.955126281567639,-0.55851948045776,0.214276229672785,0.0875326393920969,-0.747210698020669,-2.32000159490571,-0.362448634379953
-1.56588706476674,-1.64030339616715,-0.656807751892872,-0.87533487573273,-1.09878653363236,-0.00501099050974745,0.706023330137028,-0.0680246495751639,-2.61805842032193,-1.26975886181342
-0.466344067899427,-0.603787187154475,0.637956196987362,1.02177727732312,0.333935011370378,1.27845978376899,2.78689886897394,1.44644104789509,-1.16697242793628,0.467019522903259
-0.871124101399646,0.526499330279694,1.57553299189202,0.71455246991334,0.724355690459106,0.390792254063815,1.964420830879,1.6511406604541,-1.28082632028573,1.10515198972543
-1.31883678631414,-0.123219043480649,1.40027818544693,0.779094989435841,0.0786974405596726,1.36041399020153,1.50931133186016,2.07266817503142,-1.03003382285597,-0.735916119307967
-2.73105379850628,-3.91954928492548,-1.08402997692218,-2.30303249961662,-1.50207102456043,-0.853637081008055,-0.775225675559986,-0.990426098143153,-2.76137901971809,-2.92930412237344
-1.60011903545207,0.402978822357169,0.226122225228427,1.01983703892645,0.42760214383385,0.642357424925604,1.27495747683974,1.2828788029857,-2.71415977801117,-0.68348769838444
-1.55863609538069,-1.92176450081943,-0.243411265644616,-0.80930497133789,-0.555557273473797,-0.321095428195794,0.549005656968826,0.541607612900664,-2.27920073618505,-0.997396673273538
-0.221438135761569,0.112268223898539,1.07395336452346,1.5197079239157,-0.0487108343303162,0.94105489794313,3.04197084875127,2.84737403091802,-0.231075548328914,0.912294113090455
-2.11000447307423,-2.53074979973915,-0.147603931658559,-1.80757682091324,-0.740862664754019,-0.193878836856877,0.150156871558118,0.372348696730953,-2.16869200440441,-1.58829028727086
-2.1572207758779,-0.836880787592498,0.270640013885454,0.733301072910367,0.171916080004755,0.429903442791419,0.629879884947064,0.831231244819748,-1.59035464671165,0.269172981744277
-2.42645094637074,-2.10698643555849,0.474297509018997,-0.890581919671864,-1.89176346308394,0.0109011370841249,0.531119451038504,0.720716699705114,-1.14202864172144,-0.383458784618309
-1.90111686120531,-0.530894274099164,-0.207381420751076,0.623768927399785,-0.591426635367382,0.573193362651446,1.34829102768714,1.04008663723744,-1.83573912784039,0.13519544146722
-0.496495581900702,-0.805639243792017,0.712526153145817,-0.266378130261703,-0.229263238697416,0.474027118926462,1.50766423987448,0.885531305460614,-2.15469354948188,-0.301404422192358
-2.18907283963058,-1.28380032801053,0.807699119044595,-0.0403172583391115,-1.25082182330049,-0.741464381271444,0.817273725385702,0.776035760220577,-3.41093281709682,-0.840395973694167
-1.27711335711627,0.292098914663468,1.15976496193681,1.07718081251365,-0.00491944374245888,1.49337791335389,2.87943021819521,2.30875851223438,-1.21293300029808,0.0759530814581867
-1.4841666724234,-0.876295703013598,0.144214213259769,0.324058451808055,-0.166015386505673,-0.11809566405443,1.09805379753484,-0.0524062671454547,-1.4223849539193,-0.249023391780584
-0.691150747898825,0.631444770054779,1.33796702617423,1.61591718285941,1.11794089727192,1.49129477348548,3.15684612514748,1.75222047214565,-1.0223010525289,0.298200582815467
-1.14823071384972,-0.188931641704325,0.759039623629089,0.640112315634171,-0.200018486122697,0.603663462716949,0.665867783501765,1.2776058602296,-1.08050346679088,-0.50214024986258
-1.65581059698708,0.0612507471675011,1.0451881399711,0.782442797209447,-0.640852161456185,0.508194010158816,1.81365355828661,2.19510061309624,-2.02518798612239,-0.328163823166452
-1.26460010123916,0.170562798565835,1.13743713403966,0.942806424746315,1.10492701739363,0.706378826766872,1.34364128964085,1.23981677550523,-0.214571730502735,0.359992011754199
-1.02495436005548,-1.5406056945494,-0.283138404745777,-0.166878169674798,-0.429627559653664,0.178098421261129,1.04780714744451,0.292899937997405,-2.64804019952735,-0.669205720093921
0.135819725739355,0.403547758957263,0.939369279222852,1.64924460851466,0.586350788454638,1.70458480675794,1.36511820643644,2.63030580621882,0.0817967837320202,0.527920388831922
-0.718126917173979,-1.79667402385893,-0.223395609208258,0.27048126536845,-0.399607468998107,0.0924913990787129,0.937559356000835,0.796428961027259,-2.32595450167338,-0.179228432313186
-1.9462670560983,-1.07688962162187,-0.311176537263462,-0.546908572138209,-1.80343776653249,-0.797350276455621,0.272444617649439,-0.0192631725967855,-2.54594565227638,-0.829016428820991
-1.92301750030132,-1.39042500404974,-0.549036444527186,-1.29801252532006,-0.724777018652699,-0.398296626774526,0.633450707391864,0.322147599328708,-1.981380474247,-0.126429522727683
-0.721558433717022,-1.00515576696676,0.890828607842126,1.19009739992187,-0.57730699981814,-0.453126754963074,2.872814326801,0.00467540929274155,-1.10257928626816,-0.693202035369082
-1.05161950797176,0.711138824214291,2.29380599689469,1.01205219454935,0.761657991835008,2.0119384438892,1.62367634241284,3.11194273385239,-0.704381555868484,0.120208508056749
-2.19116208168842,-1.13733024678875,0.523913049197914,-0.146135373739123,-1.61154268664961,-0.864023942226522,1.1382774197058,0.814146512886102,-1.19203178808133,-1.7566738016343
-1.94395086070008,-0.17492273483183,0.639590867812989,1.18502423336541,-0.254253755764656,0.480734794317856,2.23676144401917,0.939333751479782,-1.06540604344124,-1.02866630579702
-0.990951692766373,0.489587501645573,1.05003129686443,0.948013193403342,-0.671150477613715,0.419614632946483,1.96879426164725,2.16197559801167,-1.38373244577454,0.505614468099859
-1.65452041347144,-2.14302699227443,-0.96065454690119,-0.384223018035509,-0.803750951480926,0.0443820868240383,0.114304281521003,0.100498946112871,-2.80017281836141,-1.19283101883104
-1.29626613108363,-0.771376095516453,-0.713979872467489,-0.214862954752681,-0.0312451384957706,-0.150172908336131,1.0317883457138,-0.122562597643286,-2.36744865665266,-1.26565315345893
-2.03240487566082,-1.60870241536116,-1.20013679400168,-0.859626730243149,-1.4700702416342,-0.924070023039572,1.0791774689093,0.587153209336966,-1.5745332250242,-1.06432992423285
-0.922305379165429,-0.790388517261492,0.24296373392784,0.497971960700603,-0.79931826418722,0.406987702274333,2.41054051266773,2.17354355591965,-0.777202030024582,-1.01492793114666
-2.29963939603,-1.31209793524209,0.0108055901994001,0.239289694565251,0.145357425798456,0.402613326306361,0.00507495892458802,2.08298958297188,-1.34255023100027,-1.2269525109164
-0.921464458701577,-0.770206328888865,0.392231246298649,1.18575920835345,0.0423114454561618,0.492941614046872,0.681719697246794,1.12169007777893,-2.42823415046733,-0.225770467924051
-1.12977006048211,-1.04388944880159,0.106765141351433,0.574189080351765,-0.0514957956571762,0.226699194669423,1.14909585999775,0.827697741314905,-0.778506724865911,-0.747901507767462
-0.970516674600829,-0.628630560452487,0.231845606336222,-0.295478920471255,-0.129191666394894,0.227925857041925,2.04280079928151,0.615537521945439,-2.32547783822048,0.171004722518125
-0.099149152696557,0.680605719346755,1.70204649452579,1.88154375235373,0.959691330406541,1.29257315721325,2.83236865230463,2.95832921459288,0.706966024031094,1.34912196685505
-2.09288217638643,-1.5082399633622,-0.535281252819077,-0.384849260589854,0.0770281793524409,-0.386238369544956,0.0419742062554194,0.196191655942455,-2.52200672656948,-0.846268607248524
-2.0471254719153,-1.40298883754735,-0.746729107287111,-0.38549766059301,-0.458427328649562,0.141217817230207,1.8010889469328,0.899854817841005,-2.19798780520992,-2.57936269071107
-0.590616263483124,-1.0133306487364,-0.764945113011216,-0.0860454292555611,-0.211599765928023,-0.132817461953819,0.516936975434259,1.24015743837634,-1.71087025536715,-0.56502239322768
-0.975685891215829,0.153208949961281,0.547219916585826,1.07678915684947,0.0456849999624681,0.743424217895171,1.61454497088919,2.25020235925255,-1.07018424615718,0.0332583434131474
-2.01377888108216,-2.21256417893368,-0.52904983805444,-0.38730041412468,-1.34388824831568,-0.593561366772629,1.51969060327748,0.148521457536597,-1.83953479925603,-1.18509885172972
-0.365284727854056,-0.501654491011802,1.00917465781907,1.378811451269,0.69704108824583,0.0814000319448325,1.59993461446785,1.32018553356534,-1.49134093822087,0.0660264031895841
-2.88515162460636,-1.08984425611797,0.819980553590962,-0.447861011589055,-0.866095202880768,-0.128533835607781,0.766236883213747,0.718731114457723,-1.14912610728806,-0.84714431678741
-2.33665203469763,-2.73360242689789,-0.527132596638655,0.299327228055919,-2.11088831335297,-0.160304324702435,-0.427860920279923,0.0780888118385948,-2.87766083057698,-0.685425962092068
-0.54237909381296,0.291416740841999,0.478610496502727,1.84497948016557,0.400997031492254,0.740394108625177,2.1323714539146,1.15048367021806,-0.524471466084672,0.70877520632837
-2.58053453798067,-1.59658392104578,0.333827337096908,-0.357608215423388,-1.44898851259408,-0.153179186997475,0.766690008232026,0.302364610497963,-2.93478737799954,-0.940617632757191
-1.82516040564419,-1.77303051469003,-0.551135077860003,0.0973051099067274,-0.673581852553625,-1.25675788993215,0.582092893855438,-0.28419458958513,-2.50357271671788,-0.729059448693134
-2.22349255872259,-2.11116929314256,-1.02231411524384,-0.283698846262799,-0.931076838699,-0.205899316235417,1.56700890990912,-0.36495926195023,-2.08101880454057,-0.931656849294446
-1.85032335801399,-1.48431431060137,-0.344888274515534,-1.37044194239595,-0.469397637025764,0.263458333397833,0.0223100519751785,1.75256635535684,-2.16557891783123,0.0315940069881191
-0.133616643978646,0.56961006473837,0.465261323259331,-0.164320837751357,0.0642837786722894,0.646775724636372,2.01126414832265,1.2947331480781,-2.09807589831534,0.725074985986525
-1.47426298670609,-1.81806926186137,-0.426077266046058,-0.0941002365983638,-0.71893694170903,0.520901741519996,1.88722350260236,1.04841457829813,-2.22194138449525,-1.42052435772395
-1.24207987812669,-2.31469387470806,-0.152883398129973,0.380819554572826,-0.33899288398793,-0.0810971427707026,0.446337312553061,-0.0581957522995497,-1.86607639273563,-0.457915248120902
-2.86361509855298,-1.60287217275777,-0.421142775288448,-0.930754384870688,-0.779596579699289,-0.169905221851359,-0.279608210051368,0.216685241943029,-2.24516350150317,-1.26248281161437
-0.318581983760254,-0.777784709805674,0.469623659171365,0.140839427961722,1.05741884413583,0.588666413004316,1.1184245221246,0.801320369697358,-1.70181220864862,0.884250096713436
-2.1239198943191,-1.4839753211868,-0.0904247600753012,-0.547055807204046,-1.68717877799467,-0.307272007818312,0.0230312659442167,0.987994328999247,-3.24622035405391,-0.416813570172007
-1.68880744001514,-0.848858206320494,-0.38804794001328,-0.262497544353787,0.208436471693939,0.184494341137848,1.58762665909334,-0.0487218052352375,-1.36109074870363,0.077737982148888
-1.6553499600798,-0.334602666405566,1.42224974060445,0.177919294255115,0.250289288935352,0.362695110189446,1.19101760833448,1.57562598730473,-1.66745775308428,0.145632641128119
-1.4877636059962,-2.9627589800933,-0.841584661545101,-0.0589270753718732,-0.593952898716563,-0.569766883291922,1.58730166321025,0.0569145734630262,-1.02594874544965,-0.445190052903881
-3.11265901223664,-2.77559757942756,-0.310567314972154,-1.29819953721628,-0.775770771840213,-0.606892545145172,0.180830259665005,-1.85475359151827,-3.34972186788958,-2.05119906828643
-0.969012979381025,-1.31710092584135,0.985930226738369,1.18132635957423,-0.673811379651274,0.49936743292029,1.13707007639476,1.02519906460488,-1.06764293220408,-0.117884599407699
-1.08993965004624,-1.83820597516871,-0.267813134377547,-0.562890870807009,-0.798579665304449,0.360738342218075,1.48198660999405,-0.499447254402338,-1.97814833836938,-0.635024765309158
-2.40987433459525,-1.8410448407848,0.360123027100242,-0.160021613241578,0.0124388383749032,-0.288373968125692,-0.16480578511202,0.873501430215224,-1.08823426520868,-1.16629323247384
-2.410204556025,-1.59429554864416,-0.249169304402937,0.263694095729504,-0.590784673774434,-0.735150432533732,1.0269274723864,-0.0357685100043172,-2.79345617180387,-1.42059084982096
-2.25578135250041,-1.47389992489024,-0.666876349958533,0.336292289818546,-0.678224595376428,-0.310226177911175,1.58503778931775,0.973581881439925,-1.31662890257194,-1.96638169931179
-2.38045103074393,-1.598588866866,-0.251220258077804,-0.623401670898178,-1.55161493399712,0.0784224511770159,-0.231213984607201,1.3658136809578,-1.9638145788692,-1.27576864475842
-0.961403401840615,-0.505376759483453,0.279383345714787,0.227972510113427,-0.33617608787717,-0.177528284627036,0.999805424704221,0.768305473079939,-1.67635946632732,-1.41238612364701
-1.69595916116357,-1.20923895336428,0.557955590963377,0.13165748986453,-0.851101630281119,0.147544001007161,0.313128611857606,0.771076006109745,-1.88864595312911,-0.302976983894227
-1.91516551658983,-2.15064134262928,-0.63795352974619,-0.801958836635161,-1.0708749797201,-0.0434977647448046,-0.384070970008731,-1.06200417964914,-2.86430380163368,-2.10661395240381
-2.18545277003874,-2.04051353946334,0.0944427306831405,-0.186837040623551,-0.390760528097238,-0.745595887634465,-0.492597262920134,0.762435211810402,-1.47309032902322,-1.3624123649671
-2.10094008603825,-1.82265193977595,-0.277719996834549,-0.737519055436892,-1.69211273410971,-0.0630160498158337,-0.19586037600931,-0.722349628715278,-2.45544676341395,-1.10253733085508
-0.461197429513152,-1.2574644311297,1.14865548055739,-0.169334746041422,0.544833802367355,0.28018704996089,2.26188388487281,1.31066657829164,-2.13106457540116,-0.448380382301013
-0.093709256386459,-1.37838905472996,0.156976893297514,-0.622146523256026,0.136035911743733,1.98096203869233,1.68939809224123,2.19921584798333,-0.646494601507161,0.87914453485202
-1.74690393798252,-1.28562531432988,0.0547589034055563,0.56543769513098,-0.612099986323913,-0.475877605662776,1.10932859382158,0.54255166001022,-1.79233884480593,-1.17487977067076
-2.11897122087216,-1.47066635454371,-0.631216809789801,0.709061370261474,-1.17886332265337,-0.872434357891279,0.24335552426372,0.255144524896191,-3.00546858795684,-1.71065380619197
-2.59031225033826,-0.997636599443627,-0.492023120131315,0.631920176549788,-0.586183610800832,-0.994862711160835,-0.110237289139644,1.39462155167671,-1.055966860837,-0.603820765812645
-2.20064741893295,0.929671701320984,0.929488999762505,1.76774329358719,1.3155937470607,-0.144299681408629,0.768690115317741,0.431553340731049,0.119172531717736,0.61983690410486
-2.16447970948482,0.662910716173904,-0.0773615679322516,0.900009294167804,-1.11217105140584,-0.209389173320526,0.844617932075579,1.35153256651358,-1.32200696467894,-0.900190856395803
-1.68355895450113,-0.383047239160949,0.462468903175801,0.233845204733374,0.648571170835365,-0.359474581078759,1.11828309754248,0.731504938805103,-0.533497989366289,-0.539377814909636
-0.893984470677231,1.44542972883616,0.934217908851314,1.73541655271003,0.367163213168187,0.566247133128153,1.02226794277278,1.22504122958397,0.330546479007577,1.04302677567231
-2.65644861599033,-0.584935637742362,-0.423055933895741,0.114661226263495,-1.40278730622461,-1.25213943845271,-1.2947937550655,1.2210114299365,-0.898877594186593,-0.18722580876146
-1.38885095236551,0.166506617215862,0.762997495964066,0.978038705612915,0.548464195871008,-0.162553283944096,0.280938750280176,1.91209028299351,0.691282375799949,0.475630376359319
-0.732866437448673,0.305371943026647,-0.0115801252493389,0.797011383358521,1.34301234296898,0.476994154448447,2.49816980797006,0.950239068017511,-0.654321369348005,-0.253469672049451
-2.42286027254067,0.553402951170203,1.58683554526444,0.693336027906169,-0.136284470914794,-0.0418430563120429,1.57456197302554,1.38793483118979,-1.60382646682699,0.117498508085801
-2.00041192843018,0.00453240273928309,-0.719533930318941,0.0631711669278871,-1.22728476702744,-0.665240836741421,-1.00569368393029,1.23817628368679,-0.494514757792721,-0.300000213623613
-1.50992959629376,-0.205265593996773,-0.440181781889653,0.962189359775365,-0.0219796751231655,0.52110113631466,-0.19482787446136,0.880009408204239,-1.52943387725169,-0.341920579050991
-2.58457233999912,-0.367133042975844,-0.607688328883793,0.0850242290348882,-1.18223471562031,-0.927899051270059,-0.944708345851331,0.770937250486014,-2.29287098518773,-1.49734863986622
-2.64792197572551,-0.561090510770662,-0.247565785144104,0.457058020608518,-1.10178884486619,-0.526902389303676,0.387668905869373,2.39211260157996,-0.11699928760049,0.123283785186558
-0.777529668179909,1.28637910479768,0.883228290429874,1.4197816077173,-0.164386537557887,0.660039708438461,1.43862081148005,0.704924686086525,0.12662180202729,1.12461770835351
-1.1857027787843,1.09964404045135,-0.372014485761507,1.71357125266772,0.577489632470365,-0.198596658158573,0.555284185157549,1.65445693953851,-1.07613683658308,0.0821298983208833
0.786058921696721,1.58321220316162,0.661449143805637,0.86208914158474,0.595611555514419,1.43200401915049,2.02577673190716,2.50357266869838,0.37629922719271,0.615074441161023
-0.789546917459773,1.8371051918954,-0.121427670115908,2.30617245005952,0.157446055641234,0.607067030656595,0.302526081955208,2.87392902892535,1.1474084424385,0.458365795231347
-0.52165802556642,2.00582375341559,0.460544038031321,1.95106992071934,-0.226730843801394,0.569952698339078,1.60615167972678,2.37809597868917,0.0256605534670044,0.26047913912597
-2.98702013499814,-0.971687585779618,-0.26370534050602,0.03128620320978,-1.84181856221398,-0.58920233517223,0.755449128240836,0.689691681979842,-0.711154165726262,-0.411887387052497
-1.75026590185723,-0.165225031844489,0.159631970434304,0.971400380535069,-0.149890982965272,-0.343364312138983,1.13875416996,0.839983782496075,-1.36460823649023,-0.90088861558584
-2.30619601005333,-0.443873216464059,-0.87971832373068,0.11325118381697,-0.721697202705057,-0.397835111868802,0.565375219909582,0.372653173137696,-1.79362977805353,-0.449544788753439
-0.617609884814754,-0.00353864068644917,0.0498763190171411,0.174045963336741,0.361349828414351,0.35401912920374,1.88054537979763,1.34313949279946,0.813598673665281,0.719637537061335
-1.45960752629626,0.37074800203425,-0.311271061685564,0.209103869525879,0.663809522953675,0.406976590869249,0.256068145560337,0.44856621210183,-2.39413779704784,-0.939300119435832
-1.6967806290433,-1.61809246069402,-0.334765402785689,-0.391056970864719,-0.533693730821,0.0441715412538232,0.237931766121113,1.57528959044916,-0.775866929617248,0.173967920912197
-1.82403432297795,-0.165468821484363,0.145039245546066,0.435006061255977,-1.60979298000764,0.836737799314479,0.988274111882631,1.70016813152878,-1.02203191419797,-0.630851061571036
-0.7017891438964,-0.205510262737814,-0.497173707755584,0.251559705223176,0.0209830747016366,-0.931585352748844,0.285409537254138,1.549841225222,-0.0259995548596729,0.328718340891217
-0.385794920337024,1.512088423995,1.39763445817126,0.927402936561475,1.35853294153911,0.251081636232091,0.858302223216715,1.84360290551165,-0.59387276586261,1.1930748183286
-0.682052427036095,0.50979792327479,0.461864218062622,1.10018425810045,-0.166853129622696,0.561141039246172,0.855217664726001,1.29174863781293,0.104086205354177,0.767036268869605
-1.89477506288479,-0.337970042198711,-0.906810545549666,0.542857092227613,-0.850199004832197,-0.25780089478166,0.0229615701403833,0.745562655732518,-0.917194209578707,-1.12212246845296
-0.308057756483952,0.659888059090826,1.00437062035959,0.777553557789632,1.43637740636746,0.5021051004661,0.940251022504712,1.67821179186283,0.506254327323638,0.826416710429611
-0.743977448541919,1.09697188847503,0.4775550649055,1.0898487725116,0.687893955270742,-0.62505046253829,0.839684414023811,0.896100650709789,-1.02900824419402,0.610148581379728
0.364058776721279,1.14439236678707,1.0550304185362,1.94885966326422,0.618475014266241,1.57553855908393,0.96008721968911,2.69176282741896,0.731831612846888,2.08740211222686
-2.83449235548291,-0.80721307789098,-0.766232477871231,-0.755348831874349,-1.21688300073143,-0.930789229305852,0.345957368151951,-0.144813757043107,-2.51566500366292,-1.50917951864365
-1.51802747369554,0.27094971292572,0.761477502240203,0.617289521524602,-0.712090211649005,-0.0708596323653782,-0.238191586981874,1.47351017347445,-0.313290898895422,-0.243802022199356
-0.729213482447711,1.09127797637341,0.709644215276825,0.816905224528624,-0.215439115446198,0.305072541089108,0.818430147473428,2.39869544371881,0.134231335695234,1.79129700062795
-3.0218873852982,-1.02548261754389,-1.02558334068236,-0.463644784055253,-1.97970801798634,-1.87622275110101,-1.73694073092709,0.967956922682634,-1.42919808348809,-0.750631107885865
-2.43166486753309,0.292307672859231,0.0982146688481685,1.0626038452136,-1.105468347941,-0.111989502530952,0.74944902833805,2.3240584409204,0.519688732943353,0.649377302686615
-1.1667852071076,-0.104186228520898,0.211191939467568,0.262663118069288,0.859271740496297,0.674446719404921,1.23458947369407,1.54688004051193,-0.266038178692331,0.899575785082266
-2.13890712509732,-0.00230279962716097,0.296590890925616,0.591918131286071,-1.11576888663388,-0.342118876508057,1.29518746337212,1.33847740222729,-2.28748162966301,-0.336121790943942
-0.525278719801046,-0.0436461499860103,-0.124851696564155,1.31727109879654,0.112007541775014,0.0489329646166267,1.31928473835122,0.490519004512029,-0.746149484083488,0.211452196456486
-1.17845711518919,-0.590335392269599,-0.495935182179954,1.21361605152504,-0.298179475197649,0.503699587385626,1.01612929071211,1.81355878804528,-0.872532543967859,0.659726682703445
-1.06439846264231,0.712965115721774,0.861856348872228,0.700969798713346,0.298561873068491,0.338702434644851,1.53751418775697,2.31582775343581,-0.61718061974294,-0.448120514565134
-0.822497533514702,1.60359905154968,0.854206686510082,2.03879092359483,-0.00357186696438754,0.811863152774448,1.80226214989892,1.05149197148324,0.796873871364034,1.62351768404792
-1.53393852794999,1.80099878490985,1.01488807610689,0.806335834931543,0.261811566562828,-0.690801703221533,-0.475339608916968,1.21887293813295,-1.13107789706064,0.225153982676857
-2.80873604346774,-0.0863376042135264,0.0927006289263659,0.654583391128879,-1.04385262226413,-0.124307249081564,0.00294049899536218,0.887163612809999,-1.64964724470984,-1.24602454912432
-0.0876130382566451,2.01232156758573,0.256868251073028,0.93597955308955,0.520998248573762,0.948485249692012,1.51891045077448,1.92340539637511,0.0500173679602402,1.05679559556239
-1.11798701494343,0.763935622130224,0.546864445679861,0.324809218893038,-0.892756312413357,0.497521803405837,1.55920039235307,0.761993123830381,-1.22447645985038,-0.279558844027922
-0.0556661814108356,2.1575094531285,1.38443721692653,1.28195664276815,1.04450746645101,1.27582622409301,1.75637786029286,2.03662613611519,0.154050664560289,1.34517975777091
-1.9216066400682,-0.0600260078734061,0.329705873774166,0.772001640884262,-0.945099757801558,0.258780459933968,0.729368465797078,0.886188346272187,-1.07136704675643,0.341278118834945
-1.84924277917404,0.297162359962768,0.801887424601165,0.792355200854075,-0.377602367388282,-0.179699607918116,-0.114907189493662,1.33158787989281,-1.41308366344367,0.0940584142104376
-1.94543200236278,0.398280857656087,0.602569005676345,0.566526777868251,-0.172898007641593,0.192896728954831,0.374279600059801,1.25012249662334,-1.67519048536503,-1.26114079364793
-0.156614179814987,0.0185393132534446,0.253998998054303,0.308336984807815,0.382039194389156,0.321351716137774,0.31931073314964,1.92782017185881,-0.865641626395795,0.662196362654449
-1.6144518059458,-0.364984175478851,-0.067818264673648,-0.27327417684469,-0.377719193892165,-0.149472554163364,-0.447343222705924,2.53586462179653,-1.46687944551189,-0.260910659659998
-1.8724806139533,-1.09148066034059,-0.23886926412216,0.134946454734934,-0.87181724395449,-0.222672527754387,0.228087844543532,0.278126505152783,-1.41941753033528,-0.740645085340032
-0.513510941225254,1.288141048104,1.3201863410583,0.353694511314374,0.700348309698846,0.536994703330317,0.831654423827616,1.61545584913768,-1.15904242021878,-0.373926028746472
-2.8901608433678,-1.71855645138927,-0.874363786127101,-0.281713734735217,-1.22889846210171,-0.894242350081721,-0.603060358851005,0.266849939887951,-1.69813954009167,-1.33842539830151
-1.89090194244719,-0.503448457120717,-0.0880898300573057,0.472310554354984,-1.67552104703818,-0.893985797243077,0.0887478002150989,1.06275175193429,-0.759870148743583,-0.375042263601939
-2.28502028267963,-0.404106559159828,-1.26041243738288,-0.363956649304117,-0.134579605084493,-1.64387093644907,-1.27507001913996,0.460233949326454,-1.38257125025387,-0.719937908577441
-2.53223795525578,-1.14809710249197,0.100453686504005,0.86986167733048,-0.496157629134202,-0.803602234002622,0.774784054690366,1.6587224913223,-1.019159636123,0.41390999986719
-1.50751693457106,-0.172716644815451,-0.155992544246297,-0.144586633944157,-1.46084090308592,-0.930651974824415,-0.630064058582427,0.594948257329945,-1.11491370822542,-0.603631863897416
-1.91775001008064,-0.00495356418580418,0.0880864747434851,0.494983678074723,-0.825681756165745,-0.103660429215987,0.48152180500441,1.28687065321607,-1.19852188279852,0.00412748844387855
-1.15169628184029,0.35348708275992,-0.0561619755088771,0.833160503808668,-0.514143373290441,-0.214821893321364,0.188077221950465,0.692149288274331,-0.854828173296127,0.129927587225359
-0.904101118020258,0.991450708491334,0.801303837779606,1.60594369132812,-0.027399567360997,1.73494436579846,0.927835979002451,2.02735546128849,0.70510804504908,1.87688573441433
-2.09980904374899,0.631189762608372,-0.557183028973223,1.48257327565946,-0.799119160688211,-1.32125945522865,-0.36151291459966,1.52875129630089,-0.496301745263336,-0.777108738302536
-1.3037725253917,0.992853346930638,0.733544629591612,1.20762685332496,-0.536162893876097,0.00300561579162926,0.349216048220748,0.808171156194395,-1.34210270199342,0.571287925452103
-2.50363621623567,-1.20708298259546,-0.0328256532081413,0.813581730955869,-1.23592248770918,0.318814479416604,0.224759925848513,2.15216988520144,-1.5476287669314,-0.303799870185486
-1.72253097617602,-0.0145312794123115,-0.783244507598468,-0.416734877309386,-1.0023137526357,-1.10867907712044,-0.151183062284047,0.977716537794293,-0.906210522111586,-0.557877576595137
-2.93519079274661,-0.437167766644146,-0.103242193188022,0.708552270471368,-1.58737898135201,-1.36600753755139,-0.856317859812549,-0.302806238412093,-1.19822937491153,-0.352609990537418
-2.05047461138709,-0.369507097841577,-1.24178304964223,-0.225581462538599,-0.500173612363254,-1.02654869642259,-1.27253224443084,-0.0206031989925671,-2.30900902305382,-0.586615954040274
-1.42208691892917,0.495523649270851,0.270491200644919,1.22604081694977,-0.479077754796755,-0.272143326923769,-0.00560612886754989,1.86057127016198,0.0975443374665167,0.231288941856424
-1.47868445509871,0.461738711043498,0.890378208859785,1.67872112029282,0.572782458281617,0.407385247829899,1.79210781070986,1.85204979743429,-1.96225540256688,-1.26843922401371
-4.22198860028164,-1.19122441707628,-0.23322332542357,0.495733635091915,-1.9484959252709,-0.853493097636463,-1.08595774682406,0.960039079632525,-1.51535593937162,-1.24438008689439
-1.97599891857514,-0.182945621892568,0.27388311650782,1.61602328607488,-0.665845096012905,-0.0141000404293827,0.396926535340615,1.17548271179127,0.295430747589966,0.013699609831696
-1.40387011322598,0.544067385768865,-0.302883238985814,1.17659439219093,-0.608846023428537,0.606334174272964,0.558873909728418,0.977284415312111,0.5754731642272,0.68925165298604
-1.66544331536819,-0.277281797563388,0.554679996234928,0.819631935816574,0.309826430090343,0.180306142162672,0.921472518265473,1.40685734855468,-1.85825158573782,-0.84514340404648
-1.07533579654829,0.531566617033234,-0.506169576468669,1.16147706014254,-0.357550122602638,-0.821789146573737,1.94352194096007,1.59243646561585,0.998201851020515,0.00204363308942625
-2.04405610497319,-0.98511636162258,-1.03586825090516,-0.368123796200929,-1.08524850658548,-1.42777731719694,-0.0252788819403839,-0.536819474904696,-0.255089836664879,-0.364445531030751
-1.97787701149099,0.690025983240706,-0.0530521100851401,0.395629512653087,-0.456150849972071,-0.325827751816684,0.344832128486252,1.15935223698174,-1.77777987062733,-0.0678346763293096
-1.58880668420077,0.90598942466822,1.54627528808025,2.23384054850954,0.11383396704945,-0.189461778987343,0.889930380750313,2.68393718523355,0.365780724496789,-0.215093220400961
-2.02120282567075,-0.436503739733529,-0.547010002789553,-0.154960956063222,-0.894539131307166,-0.752899927290728,1.02156460307718,1.34246509642906,-1.36443928293806,-0.273726625480147
-1.74566350881233,-1.13684371604811,0.531982581305868,0.113684975094234,-0.61636059394062,0.185794711209063,1.04013788972928,2.14244399337373,-1.08087954592891,-0.379657848336253
-1.22418621984426,1.28549600339879,1.31482864758227,1.01694089957787,0.402968577788642,1.39751768044105,0.812139970590888,2.13877247564615,-0.0633028185391642,1.51653548519419
-2.50877505859921,-0.709077138728278,-0.707870865397411,0.201026422579467,-0.755904372015257,0.179921826623032,-0.343685466709632,1.4708023159694,-1.02657672636026,-0.106598981237925
-0.59245005040703,0.373155379980913,0.275745677260838,2.0715796930607,0.875244195886718,-0.462507861738274,1.87342645356484,2.17064903034722,1.07995418968437,1.39664731156081
-2.98759497013079,-1.25296923514642,-0.706256229326442,-1.13083782569546,-1.17295664658144,-0.561513598082826,-0.291480583914368,1.04472561052666,-1.8499363934986,-0.766419304015387
-1.79982466141109,-0.769596841960967,-1.2979679275001,-0.141945081076975,-0.978714764189132,-1.92056981275108,-0.483222700090301,1.00785271482805,-2.71668827841977,-2.12638952537961
-1.61990360322071,1.22903578562463,0.509248936750004,1.69645605615592,0.361493148166917,0.984476288603646,0.552539554266614,1.4440216088968,0.0999039500013176,0.403793929730264
-3.19928601207089,-0.646070366878034,-0.617548453876492,0.782702381685106,-1.53765424733523,-2.08104961118502,-0.167939728487743,-0.407187230404877,-1.78127291130462,-0.522166046840134
-1.33655919964749,0.199521763706563,0.557384956429605,0.895635621558972,-0.0780328164953276,0.572313043771525,0.634230377079462,1.55029986985361,-1.26897560917448,1.08378957910913
-2.42623500794686,-1.06992535749817,0.0511893078073622,0.598540040699604,-0.401879515449561,-0.485132789611845,0.770012497085777,1.0743730263268,-1.01249284276806,-0.500170600053815
-0.720461796700649,-0.0257578060977198,-0.408460409076914,0.725277600490013,0.160199178505868,0.0312988056100699,0.812456842750221,1.45737323812272,-0.873480250422436,-0.0861475569924811
-1.06819039174273,0.934818047566578,0.739852783991416,0.39506466735855,0.06062490205262,0.81728348542224,0.936000785364185,1.33075969351311,-1.00119076266106,1.25935463656185
-1.61465862757256,-0.772788256759317,0.0175209513406556,0.98027709667715,-0.309939326538346,-0.23213984562755,1.32596808552674,1.2450407542256,-1.12323773797739,-0.898460139930109
-1.88242804740412,0.700376583473503,1.25594294857127,0.716604989575776,-0.531032338321753,0.734413572449865,1.91475205955111,1.89847298045922,-0.657694556200295,0.938425193009073
-1.96223261164565,0.154530965623384,0.205224667468805,0.944927825039175,0.428906997076904,0.317261191445282,0.195252648976605,0.328127922611648,-0.109240291647364,0.871378471569007
-2.90756112163889,-0.961767928756481,-0.93943937743355,-0.125934799989795,-0.795325408254121,-0.44613873970818,-0.709838468988505,0.970193286721705,-1.15908963082208,-0.560487719485927
-1.01323485707829,0.595139374347355,0.741089807872283,1.20353861382997,1.04311448207856,-0.705705756754142,1.41570139867753,0.939652422714797,-0.749842650464073,0.317129106269168
-1.76117134180732,0.0458007487856744,-0.37505297075785,-0.329137342352385,0.0367976675035693,-1.04679057335479,0.804975493388477,1.2906927978858,-0.71047452219672,0.311509707761681
-0.817586270006148,2.26011898690028,0.432810395041633,0.26606402554157,0.100974696765629,0.654442906498487,0.787661203397971,1.1956113061228,0.442770346879768,1.04934913774622
-1.61237861857893,-0.963143971069011,-0.139808672785968,0.599303458918114,0.839983512821117,-0.33315345667279,1.6229586566581,2.46433450002259,-0.501413793215136,-0.0618116197087989
-1.7415691955833,1.29530959378757,0.217596642006907,0.283841647096035,-0.108793848724841,1.02390287118693,0.154754876664159,1.47604581494037,-0.316377524753484,0.327390409170429
-2.41979609982739,-0.0151424644855322,-0.173123537123221,1.01410117307701,-0.240975605069902,-0.713311996015038,1.03559812906918,1.47642751976349,-0.713398795111416,0.275781257058998
-2.17806830982667,1.04774343137485,1.63313730216969,1.4938850513151,-0.332515759977927,0.855296848840573,1.26529330001762,1.09610744091418,-1.2130178154904,0.475642512548807
-1.42169203973204,0.249878173221361,0.4393765751632,0.343195579551755,0.0986521640337532,0.232281080263128,1.55261811451415,1.168548450676,-0.605661198606932,0.589736333252096
-2.31384711084317,0.418534489647158,0.511577841143052,0.152272659280365,-1.32273058377316,-0.425770547027164,1.56818363090771,0.776991092837688,-1.53419382050907,-1.01075007300809
-2.42362193204318,-0.880482023985284,-0.80589155831193,0.970946519710404,-1.38265229438894,-1.12277540542044,0.638853065267178,0.366892035518553,-1.45543236271979,-1.99445570293003
-1.43464580950854,0.0546529948099454,-1.59557223035372,0.140485769889645,-1.27600396698086,0.113922233895434,0.183394461241222,2.13304511390548,-0.97893835231708,-0.499845236310687
-1.63231211156579,-0.233225584171596,0.0446652580412668,1.46185757308219,-0.0210885689260486,0.568953476773204,2.13596250373989,2.5797146285549,-1.20468990269802,-0.35749833007179
-2.15399632442533,0.251649612702645,0.292533404875348,1.73529137586719,0.132823581029467,0.27927413218388,1.28535567257526,2.38900014484594,-0.0816076754698763,0.962404008018023
-1.24001615440898,-0.514802314191871,-0.0244535347089727,1.44096869589919,0.245702132416587,0.10463238860574,0.426183508650923,0.628674572646537,-0.449826056978603,-1.43605016565182
-1.84280776314705,0.800697953307876,-1.22890577321112,0.174150392933933,-1.2766272664519,-1.48284258888321,-0.749729948821523,0.573387133022965,-0.907855936892435,-0.143059482289492
-1.05646327139695,0.500527237924532,0.00216517705299303,0.412049170531496,-0.776398083679057,1.02638205729322,0.141378609275048,0.645932427218923,-0.94891409781307,-0.0137409417817352
-1.75743703257527,0.645794610572005,0.43795434704205,0.404566719950879,-0.195624788187967,0.60559510613075,0.826561372709465,1.29169205666233,-0.564946724554387,0.222263698298274
-1.89765785208283,-0.217247530458093,0.929795185617133,0.257021905233763,-0.678279715045324,0.021241792005838,0.178680818496993,1.70682962006422,-1.12876446830827,-0.355591582498399
-2.26834326743359,1.01341215282392,0.0381369503543905,0.747913849067042,-0.662137222093457,0.148713679998232,0.203323813469774,1.47110813365741,-1.20445590415894,0.140339419370467
-2.32506027798485,0.463241294438461,0.227257251634919,0.172935477930876,-0.18571629300342,0.547793866041536,0.424286438492983,0.936146629323889,-0.497756437620763,-0.495133469157396
-3.12159723107879,-1.75060344606802,-1.18630215731417,0.26043108555265,-0.32412702997945,-1.69173782580417,0.0202874905035451,0.38543266822852,-1.86854684274445,-0.579966714418766
-0.807189109559032,0.90210997135127,-0.0296662183053666,0.846458464047355,0.846343899225195,-0.261642748283868,0.942479498607608,1.67706062497068,-0.517838878789343,1.12749605911996
-0.853815233062451,0.358134778742113,-1.01803660011443,0.648494644864171,-0.678835325221538,0.0494180128440256,0.124714716040691,1.84285129710532,-0.837124540534087,-0.176314904976352
-2.25082725112483,0.015365207690659,-0.0432416495893862,0.300952542672811,-0.21102064302762,-0.592070765550696,-0.631393904805148,1.04461232657069,-1.21090018759104,0.164488062849423
-0.0962858830219703,2.09781141404663,2.29215304182435,2.39217383157241,0.737324562378732,1.68217574411784,3.0500114851595,2.0566973507259,0.0911298480591226,1.33396768337311
-2.42637275056818,-0.249140348249209,-0.344862591243752,0.690701477267102,-0.601126125881558,-1.18809798855933,0.35880279130877,1.31115563992465,-0.489867380494031,-1.6210995183622
-2.61808635585961,0.909496824313986,1.41032939903665,0.126659991451426,0.0176476357427654,0.400247451748385,0.0933030928239615,1.31654123414488,-1.85031462499517,0.435459776500799
-3.40398446863479,-0.388256704991724,-0.973680802635352,0.472262109604708,-1.30812482230839,-2.4005775221825,0.477189092623627,1.33824273431719,-0.5243912711312,-1.82018547977843
-1.592881360422,0.847572409061409,0.480986189400784,1.32216371618837,0.362451122866498,-0.846800309392947,1.73481932022499,1.99211920533106,-0.488496495299818,0.828087016595663
-1.37592068422873,0.975582795773842,0.426080304213303,0.65419005381148,1.24013741131391,0.793875468265489,-0.227509376229159,1.71815009029113,-0.699294606181417,0.900953094864681
-1.87133825327073,0.779039374686981,1.43753659066808,0.912199971014952,0.857399453613255,0.0485607694898744,-0.234607001501613,1.735390513205,-0.427290911502935,0.398021630225527
-1.85830088747881,0.270351597460262,-0.144293004658662,0.985380518438421,-1.24095299644148,-0.653455094822571,-1.04946221352955,1.84095576462729,-0.689967653696745,-0.848174837072713
-0.863607461682669,0.223659081395315,0.678605516374614,1.62538048832736,1.35891562866559,0.0727415459791005,2.23940938134304,2.86189919670276,0.181929954705787,1.19340490235787
0.368372163627662,-0.256411195292376,1.65709314894994,0.189129934898588,0.591201580348357,0.260859783375123,0.480198905351327,1.03597754609764,0.142665043551719,0.993042590558562
-1.28821136787723,-0.43673966556071,0.392615889825444,1.18633124651864,-0.2460834530699,0.696943388782953,1.08979113608737,0.989370703797338,-0.72561744620274,-0.171902374105714
-1.3582865417668,-1.37005740950043,-0.439668315225371,0.198786049687591,0.139487979687793,-0.759181293245261,0.250839810013024,0.920698017402493,-0.0604975434638783,-0.506038732173906
-1.57136112754911,0.280239285274849,-0.698686467951602,0.266820863716355,-0.613865629998028,-0.429652905054377,0.68156592587611,0.873246692297616,-1.27987618554913,-0.142979983773291
-2.23482576225775,-1.3869905179071,-0.800272806972604,0.502168376943143,-1.41608860330839,-0.680797721165347,0.342737285154593,-0.482515081517767,-1.48759923078805,-1.13899116914056
-1.0237665625674,1.2340133771732,0.627724717014676,1.23724883607258,0.160963177459777,0.599847909365314,-0.641548037932209,1.05908955553054,-0.501263089951743,0.570664496484643
1.00141688199864,0.873398494387746,-0.0709855751643334,0.433950820487042,-0.132846881149224,0.131236259280624,1.16688343325572,2.01114460964255,-0.811407007676957,1.34913564130511
-1.30257019004988,0.183849904386756,0.622807763921878,-0.300132340133343,-0.435708068415588,-0.216108943793347,1.4917894947231,0.77515590787854,-0.624831787328387,0.335575146581926
-2.22861127086115,0.0408329374941007,0.213393741204012,0.6501128386781,-0.43417619107104,0.463941634549261,1.12573900996778,0.543385405654091,-1.35059302149823,-0.180004380791239
-1.95883975358412,-0.68089359664226,-0.600119010710546,0.395351645824806,0.298469605410551,-0.980095385705621,-0.311631190955211,1.20822533709486,-1.37289834272678,-0.84288785870031
-3.03292218931339,-1.16375307971641,-0.0316936869693785,0.388824389494719,-1.48923098426302,-0.300181260914926,0.569082805939753,1.07735989285064,-1.98161227220793,-0.201086124528419
0.458873313481024,1.5783750393501,2.42985151231964,1.67140941723261,2.41621088989336,2.45806814182362,2.16879459041828,2.84322927312026,-0.117346631163756,0.551450234048523
-1.00272939493977,-0.264307505184757,1.20529509971447,0.827353785022522,1.50964477510144,0.79530346157111,0.746936376056001,1.8350599903265,-0.237727225992516,0.464269846694116
0.990718033975078,1.57697391162884,1.3167917230136,2.08938447670575,0.671874414359364,1.17472091606417,1.86362735048408,1.63828144602547,-1.14518666363175,1.10150498595855
-2.31746838395425,0.489634430902173,-0.230955025369156,0.222694407951756,-0.115128023495836,-1.31138100528882,-0.029137900227653,1.22082489876029,-1.84895911506855,0.0588181829696594
-1.24405812048369,-1.38004435642304,-0.907899960958405,-1.43676314849917,-0.39412934370304,-0.666569515284241,-1.02655231227617,0.537981630345675,-2.39262847157678,-1.17047785788356
-2.26579090426627,-0.139260554068514,-0.326582994472552,-0.11544855973556,0.629149693782348,0.700184112674733,0.536283049208225,1.37853146624028,-0.902811442482086,-0.0163302422864032
-1.12856897787396,0.434342803409037,1.06896324527191,1.19080148021316,0.9275626855038,1.81029532391582,1.14980989760831,1.84374149200282,-0.012172593165073,1.30006898674505
-2.42607324852106,0.420661188553675,0.298936110915196,0.713349934734769,0.462782393759586,0.551300257371613,-0.0386399221031148,1.41976068777496,0.0592855681012409,-0.214167260704171
-1.64814312057195,-1.08640972821672,-0.622441419521888,-0.302287481549201,-0.273398000235709,-0.295374252410869,-1.0608784631231,0.616889415182327,-2.24337895187294,-1.05767702348692
-1.28432089262622,-0.653485834498043,-0.203592843273346,-1.28341898761572,0.920810433775118,1.06753347175205,0.792484725535997,0.0601015363655831,-1.67162466740568,0.320556503651639
-2.82201028724725,-0.959878884739971,-0.465332463533374,-0.720238747372059,-0.675569216834071,-0.0904946620751571,-1.24670345567997,0.787807281766062,-1.58963828257926,-0.907433491352697
-1.31518554785203,0.473404614492817,1.19135914346004,0.622304881137613,1.22916448304296,0.776639798089902,0.534178396962313,1.37814737492831,-1.05712414942742,-0.0880538311244781
-2.05064644680446,-0.191945722447404,0.60898875630779,0.0552997412924473,-0.208654940783043,0.100952899655402,-0.646966252668695,1.37843457794789,-1.67562636970335,-0.200389712314476
-1.74432991340119,-0.233624900724679,0.318883825307709,0.570359326873812,0.0969628469068054,0.970914138647199,0.827417567569556,1.73102052990488,-1.64292930965813,0.760962103125656
-1.76995782702469,-0.0832540215221106,0.899908720528721,1.27856580483565,-0.52722173882134,-0.751865512434787,-0.314729388822485,1.63477075188802,-0.621001474931041,-0.101958448507828
-1.90162730204129,0.130707001464074,0.978035118162916,0.77284197538317,1.17973778581617,0.568780240580113,0.262070600918788,2.02205825328909,-0.755816230089892,-0.545104814924885
-1.323897478669,-0.223351808577783,0.439630133676203,0.791161519038955,0.0445422556843966,0.47137225824019,-0.935685427159827,1.35604504143048,-1.29294031293024,-0.942468889485301
-1.18790648646555,-1.1560740051188,0.706461244483002,-0.185741837247119,-0.0662282750535699,-0.420634379615455,0.431070769482161,1.30334990137075,-0.363931442946297,-0.242077064128766
-2.09932197483793,0.475983049864956,0.171538675225543,0.332927748456102,0.181319848893844,0.402250177205294,-0.413536788074689,1.68162420228077,-1.5185958395332,-0.40371423226285
-2.93586983681408,-0.663440705793989,-1.08507461509858,-0.701798601253196,-0.5571965252775,0.73310865194203,-0.692640727026371,0.339450407822641,-2.60471226802761,-0.540325056859135
-0.128493172288372,0.510936398696975,0.994633577496612,1.16429181252583,1.0213107907088,0.816713647669843,0.292625982267375,1.91512346175489,0.516414512126547,1.31643575223696
-1.66424895587343,-0.425577661985215,0.260846593424285,0.508834850907141,-0.647622441246887,0.553715907597883,-0.910519053741119,0.896674988924235,-1.00567213120089,0.132129235834821
-1.42049503940307,-0.292339632636293,1.52757493692494,0.783869312886172,0.624047839160442,1.01292876536759,-0.476369962238316,1.24495989532759,-1.43650459752797,-0.0106977015334707
-1.20399265954205,-0.623842003494046,-1.42902583472522,-1.29633173346013,-0.549529089880179,-0.725336128949924,-0.739789427070159,0.668397706385949,-1.96122896884388,-1.67165210946322
-1.34786127789875,0.462794928570228,-0.0756085198764278,1.22560044685347,-0.0726039851411792,0.513242519668998,1.90977569015477,1.83940329659403,-0.300931352657235,0.094592410252293
-2.07567770118066,-1.29069068952281,0.696774105803302,0.135933692458156,-0.228624749337679,-0.333007118140507,0.269113306161191,0.335753978643756,-1.7514638697549,-1.41051424887943
-1.36014215574455,1.57782806638477,1.01071843676907,0.947472615001145,0.829306640763346,1.59591390632962,-0.280654717328323,2.21634081084921,0.210426686390384,1.42501337756478
-1.99375016424994,-1.3360033937609,-0.998877662862183,-0.692480127684014,-0.735653386930861,0.579302368868567,-1.22784197426533,1.00981200112555,-1.8906348377845,-1.2286865903087
-2.66257791810948,-0.305339632282713,1.02927082278135,0.564161191770016,0.0112608991199047,-0.721224186719365,-0.117719424704481,1.23625007996978,-1.68443687672816,-0.956725442461612
0.519260279928297,1.17491153196458,2.05011694834604,0.731102396505262,1.15006750937646,1.73939980608733,0.522009468220341,1.10745620187753,-0.768019279201659,1.33947295615931
-1.09167002062188,0.0408874257071813,-0.102454846703045,-0.0014814571499202,0.203854277669071,-0.267100164250797,1.26870204611051,0.535497989179711,-1.02820171807295,-0.519474260135119
-1.10087018251992,0.526706852028028,0.31710169560236,1.28000641963715,0.289013709309091,1.86885805529931,0.404442408155864,0.99897158804372,-1.57330533344258,0.303749974133372
-0.920540011657121,0.542825013593846,-0.122042990479545,0.137559219783765,-0.215708713361461,0.496346189615953,0.47838833022357,0.47822202173556,-1.17493011688687,-0.709816425145801
-2.28300945515623,0.133532825773601,1.33489364240505,1.45488904077816,0.0952786550943235,0.148727908943021,0.561344727659409,1.51098067318305,-0.786244467198619,0.759700404936862
-1.49423884427954,-0.656206986621463,-0.715797363899462,-0.635203210471483,-0.240489031061239,-0.543818879364337,-0.00376879917120652,1.32540292623855,-1.37131934419742,-0.497727047486856
-1.82591970361913,-1.32709375336752,-0.148051958305809,-0.591203686896688,0.133831386996896,0.296005899950706,0.350526928577743,0.450070243871481,-2.15798167504907,-1.83045482653459
-1.81444400029378,-0.670506330313983,0.0838839842350026,-0.874401595261843,-0.739284886685482,0.213843835407431,-1.10240126194359,0.879081975987617,-1.43799048494795,-1.14177299311746
0.503775208942184,1.35892169840203,1.70542045759796,1.70099348933336,2.35330320411302,2.21448667922137,2.23413761903218,1.4278721603718,0.345299586655254,1.76326543645335
-1.54680079375713,0.0126261679532392,0.915335451818437,0.449982880193358,0.5240551933405,0.548200624350631,-0.271201363404242,1.52146308955243,-1.11991976418801,-0.272349432911522
-0.218586577360626,0.787159323353471,1.83639707502035,0.873299662466416,1.44108987484289,0.878214331647628,0.998146860373025,1.82735939889276,-0.320205427198082,0.384381533552542
-0.62282744001107,0.143256770417659,1.67873261540768,0.923548153080335,1.03545415669921,1.72696026610294,-0.75049108394957,1.46992530026383,-0.425785699953697,0.45563311889094
-1.76531642811516,-0.608301549375948,-1.13351419098164,-0.206926608515091,-0.255302020699778,0.246352490198129,0.126421081641278,1.1507743391193,-2.18549059500531,-0.0726195382422807
-0.870072780505137,-0.403095336645539,-0.814654270579557,0.382918029829601,0.042510051470591,1.0298867967861,-1.02105561970562,1.69484383197427,-0.676833542596959,0.0173732324050965
-0.596693008648618,0.0197593090845435,1.22730908302469,0.289138417028702,0.756351087541882,2.20376252371371,0.402570832830113,2.33132876647524,-1.44831127228872,0.142503522504582
-1.23174742567481,0.0833498063840409,2.33098373149839,0.81381907656452,0.00597198171260808,1.69526483773865,0.100500753063609,1.27635901985619,-1.40050878986635,0.0181270227213591
-1.08435902499383,0.00160392156881972,-0.486684619531306,-0.373084130417466,0.439895857676062,1.07877022464414,0.101063243304847,0.257794956437763,-1.76724959958818,-0.838537238311207
-1.95330447495812,0.629285293467202,1.28875693892046,0.917493171564024,1.48264457128515,1.15573356673603,1.36603339863687,1.21260955342997,-0.519802738321146,-0.425778529768007
-1.04494959844705,0.122401159837914,-1.2215512474444,-0.388868682231407,-0.481354640923503,-0.0119200477580868,0.633219431877237,1.07286121447262,-1.67161299616519,0.104016422774867
-1.16874672479853,-0.63425093636308,0.557696713708184,0.864712914548752,0.293241100211623,0.834816230808112,0.42682000734307,0.925335241080959,0.404271366093682,1.29898100192749
-2.74077032244708,-1.2354358735055,0.180385387118057,-0.936732423032432,-0.474415823239234,0.344415164995463,-1.11586880377613,0.869479867677427,-3.6795052252119,-1.42610746576251
-1.94482641876916,-0.5295977219547,0.627711645619746,0.648583696192718,0.23559528616678,-0.0393514550294813,1.41864954282684,1.29777541565198,-1.36783240598673,-0.888448191358811
-1.03479808290984,-0.0934159115103836,-0.127983760913665,0.922104806534641,1.02604476406895,1.76860953616045,-0.0501125308962871,1.53242235375108,-1.89839972515659,0.335831052403277
-0.180868020312697,0.255667352884551,0.252080814616341,-0.221514133439985,0.264077570380736,0.870228150513992,-0.59028451055879,1.65504500763204,-1.51634167840579,0.994227481885027
-1.59712062156847,-0.865262122914782,0.912066552556746,-0.455040046417385,-0.183766310248225,1.56212215811872,0.299932381499925,0.990174564605382,-1.40267807395678,0.205237289723865
-1.77059918074732,-0.830232249152905,-0.288797946970054,0.422049209242258,-0.706181938148123,0.522657103030556,0.0252625080823371,2.02666021836765,-1.78347929957277,-1.82374441652372
-0.642197276313448,-0.0159853571986402,0.385013593378533,0.95469706493902,0.574324939292509,1.20399412523695,0.110305201056228,2.21633922566832,-1.11585774803132,-0.29412005214172
-1.07163253535635,0.397459722515964,1.23081407852294,-0.385054664262148,0.0775566354553318,-0.147810387579146,0.768468165768175,0.62989786090551,-1.83383343682746,-0.847828717303389
-1.19285952503115,-0.0718386288188812,1.30273117722605,0.549295373286439,1.2137643714197,1.00196960466612,0.317196285327249,1.91337496789868,-0.171294775243269,1.19861552143646
-1.47570739275092,1.41779232006837,0.705424540401976,-0.302070451704324,0.817758026122043,1.32347398129892,-0.634659974547333,0.913538784958789,-1.3212282451355,0.635305666650579
-1.574715170172,0.113193839234491,1.35017092715514,-0.374333006525602,0.678329070224011,0.927084768593821,-0.458110375415068,-0.401775537768618,-1.83818572590081,0.163711286779824
-1.43397794706044,0.204949925507659,0.83943714679681,0.972726946537688,1.13482091490803,1.07782534944859,0.800966014160052,1.84194314837094,-1.74420656995821,1.05189878277099
-0.467482023427002,0.668376516168186,0.972444566451539,0.968780717524436,0.887614854633468,1.01664593946288,1.05261055575148,2.63844283635597,0.604466923233145,0.944834159508551
1.0456154822722,1.95952776696578,0.857432545918854,1.57475479689036,2.96088398756007,1.6184534712659,2.51947869753817,3.9841785740427,1.7947161810468,1.68107448263215
-2.24455339621851,-0.0128723702353715,-0.194542935940022,0.812149419905688,0.799317016310735,0.615182230532038,0.959088585626853,1.85715272972693,-0.310350606665347,0.21067236958542
-1.14111596190243,0.940408671007763,1.1420463995909,-0.0773203082227619,1.04196048810386,1.63125487980927,0.39018281759669,0.381032558502381,-1.32033220452806,0.711217900562003
-0.493506748297034,1.28345478064296,1.39508472613193,2.32097404549291,0.815703974306792,1.19379223245661,0.389494878440774,2.46676447820679,-1.02160864143312,0.903896652462694
-1.94372819101611,-1.32207723267069,-0.0131874230017723,0.0563903318448287,1.07803823813175,-0.253422199449172,0.533783470182538,0.34040872845348,-0.483200851090458,-1.24610056412777
-0.876729932866448,-0.00923772425573119,0.651344881769862,1.17679779204772,0.775753504301966,0.64859994697017,0.933564606929887,2.20430972985535,-0.310336370146514,0.569398573814584
-0.107846799607861,1.6663422994086,0.848117409066753,0.880300106386897,1.49250784151533,1.85960186282347,0.178211274280184,1.07627163399747,-0.804858672128096,0.786600023643859
-0.892537364310147,-0.550213444341564,-0.458365124143217,0.476416241836467,0.17951150265369,-0.0393550159042304,0.197536321541451,1.42115027179646,-0.747563382321521,-0.228394145356626
-3.13259748948133,-2.20463625985546,-1.74016667110623,-1.30718800381046,-1.40317731810209,-0.61427730245292,-1.87923757509685,0.577644036159081,-2.47630333724509,-2.48150235600876
-1.24376898587694,-0.649905868761824,0.270763745414012,-0.819270580758151,-0.56636316733367,-0.020965742887054,0.572211578518481,0.641562273111907,-1.68044809259027,-0.983378363642201
-0.426185954678581,-0.573335927868874,-0.14226835839078,-0.0625230628274747,-0.137736972954613,-0.398980306486565,-1.02034124479964,1.23598339092643,-1.42570121163946,-0.480763403415131
-1.98045486105357,-0.42721165389718,1.05930890333099,0.486687452888783,0.221298765887062,-0.129905476264076,0.350224743227343,1.28528609975556,-2.74515204774248,-1.21581855356418
-1.69324278164513,0.757475313896977,1.24953398395216,-0.452495201164328,0.839679201485651,0.170518141934009,1.10956120267812,0.586169582458397,-2.06440423676953,0.0293796066021075
-3.04304542817367,-0.970460553440113,-0.171053394976454,-0.799597142210233,-0.862304817285335,-0.698866194815641,-0.0304819213103342,0.632028495198909,-2.87011830978044,-1.3571799656638
0.171446602326997,1.41442960993219,0.559650960312666,0.517403454840142,0.950992830794742,1.12817201545745,1.60930770918228,1.59943496056073,-0.637400042772845,0.171393793628554
-1.27116780016258,-0.709076854464133,0.107865643426361,0.788952126689009,1.46231132288873,0.329744146323859,1.30602668962841,0.423637411244639,-0.710796847347649,-0.208848641649824
0.17593525020523,-0.23535569857121,-0.0420939031930605,0.528543487239191,0.420926531865202,0.591157538081646,1.69807321348053,1.84347948990147,-1.53800439829543,-0.615938597036995
0.578407468823747,0.628432432299252,1.43876610401849,0.673217939906412,0.724252307974844,1.94654923794369,0.70750621474125,2.61568242072909,-1.74569830002679,-0.172457227638694
-1.71948446910554,0.0387508230697123,1.2143412158104,0.280087560265512,0.483243661756161,-0.0757512981241505,1.07776597747777,1.73741766431552,-1.52553527082443,-1.00542687898655
-0.297146943035161,-0.55451189765734,1.55259934635165,0.352809896078472,1.43155130622492,2.06375798196927,1.81789005694169,2.47277645881549,-0.0957428751605204,1.12954600391056
-0.483976066227814,1.11374946912422,1.21232919508126,1.8327462341081,0.715345852412335,1.54295008620589,-0.211891168905202,2.62206139307539,-0.794157291564754,0.589521031662183
-1.01255149496725,0.278695298299998,0.138192262534607,0.997642255275397,-0.267776708581798,0.531483536590121,0.90346519222967,0.934586208095045,-1.1743469722268,-0.754307823666123
-1.73266082308565,-0.320720387678643,1.17359826358252,0.485644048506723,0.765760027122121,0.520849920328731,0.191432279234357,0.435382995457258,-0.327631262941705,0.194199627346169
-1.95488952207066,0.460838846942225,1.07217351760017,1.49656507039063,0.314651235146845,0.792239742589936,-0.0620944550245386,1.11296835499754,-2.16313810605864,0.414057008693631
-2.22854667924563,-0.307931999475252,1.23142457613021,1.25603861124446,1.30907990614778,-0.540317350195368,0.853333587912154,2.44750403660531,-0.156843554215723,-0.11709859148896
-2.11988183036539,-0.00709820952950428,0.0795018227594047,0.782580971386908,0.544057534134114,-0.0677831744690066,-0.00910861439758304,1.68078426702813,-1.89036281586829,-1.04294817883006
-1.75377051812555,-1.1612498158133,1.03500375204346,0.0396670054476186,0.060185841535025,0.129691800528884,-0.48393839069912,0.687249573430744,-1.90844314567074,-0.00629665755041613
-1.5793562123913,0.244800032070212,0.253956162374784,0.456297859981657,0.540508602090886,1.31237519440827,0.191529940785991,2.39576228442154,-1.08171059160191,-0.36482267260593
-1.50216418756568,0.819652746985925,0.35584139237518,-0.591215946635225,-0.0973108010178437,0.446278008361287,-0.444857330663043,0.843298953817942,-1.32186323278093,-0.27620789271533
-1.96010664715822,-1.24989410021275,-1.26411545010192,-0.370505440094068,-0.194993356700976,-0.185158489448492,0.333596180768878,0.525631816342905,-2.26201956763756,-1.21625574316173
-1.36420514359824,0.32991910239036,0.316942171724725,1.25454843050699,1.18700596181891,1.01354674239291,1.22727383957957,2.32671561205176,-0.358411378718573,-0.682735306189016
-1.04292365948474,-0.0890042929516072,0.272987995289772,-0.0373202909623388,0.363646626275099,-0.111324745645085,0.959347127683957,1.81394021933569,-1.15466575556895,-0.419559971054124
-1.98601936761112,-0.503227417450978,-1.17549114520796,-0.478971941367184,-1.03279324966932,-0.934880182394974,-0.138973811895628,1.17105471915784,-1.77703132440119,-0.624813487157902
-1.07368448037173,-0.800217207170389,0.0526856224680242,1.26997458772711,0.551743797432887,0.168973948986032,-0.46327133421042,1.48183450606234,-0.187215273178025,-0.177922530151522
-2.43444152287917,-0.570433648424435,1.2677313536094,0.296649564603654,-0.771068138184301,0.000153777343351182,0.302400461633371,0.625271213586707,-1.41894760429429,-0.0961259483813043
-0.501474992556716,-0.703322260319543,-0.429882115270124,0.458216728485069,0.668274306057466,0.780377778616782,1.42167230937748,-0.241499323297773,-1.10526866250891,-0.0852557650497528
-1.52177528818803,-0.394078553314667,0.935991859583944,0.286942207225322,0.362449367798736,0.637328900664014,0.654928759415105,0.862972233607237,-2.66982462075536,-0.407430810380298
-0.895951099458033,1.37911799891388,1.14949260604873,1.37310871862041,0.783315468653336,1.04268299030795,0.481985484659662,2.41086710875778,0.0890027203760837,0.402806589330976
-3.09080857899142,-0.328752007174919,0.755883991159468,0.393024233165181,-0.682615340324827,-0.101415798033956,-0.0460133101295901,1.67995832864638,-1.73077967337724,-0.231251033723879
0.0373025833763081,0.56737625509008,0.88702839373373,1.25557099544174,1.71020889577599,0.362787641668474,-0.193140074162295,2.01042657072174,0.203748750923758,0.462774294421327
-2.46836696561645,-1.1838325274949,0.519333083266798,-0.612552835176831,0.0361959222486963,0.406989944670069,0.227796268007836,1.68295319235887,-0.667546167706245,-0.141034454791131
-1.0963711289279,0.509152941811759,1.20955582997521,1.54801327696845,0.795323504347807,1.84442920568761,-0.402043370224574,2.13502140099377,-0.57513122897144,0.944249273009837
-1.86207953553207,0.904608896159455,0.212596355671653,-0.0567998741539238,0.0475077059372476,0.142650091663181,0.515093740706958,1.59186057261797,-1.28889370238197,-0.181681925864635
-2.09152768732139,0.166450180742946,0.181605858926795,0.769526391645741,-0.14929077761296,0.249528170910412,2.08992495543648,0.938199947526811,-1.02257949367397,-0.636152301150165
-3.39642504005864,-2.08009093036747,-0.27619778430779,-1.32523950582436,-1.24419320788996,-1.32137949782477,-1.14321704064733,-0.304866343412869,-2.84062301689693,-1.24832161156109
-2.74974804916903,-1.20944245975686,-1.15313129849953,-0.022579790862711,-0.772975876028056,-0.233099023647843,-1.96661383090195,0.198455431812564,-2.95446914756639,-1.27227816993626
-1.54942331856471,-0.925302909199849,0.0424240269003353,0.8181487706282,-0.100292116267919,-0.373733143781953,0.478623844057649,1.12971271620178,-2.23745754116696,-0.619561035919642
-1.57617962823436,0.0907939645100783,1.15826512000248,0.812215516727066,1.05209246444642,1.60029867277639,0.999403975495217,2.77084400245617,0.0607975050561727,0.673689303842216
-0.612440025444666,0.607593642601643,0.746496732927068,0.433953116401657,0.011887713843804,1.36992618401365,0.964178661177303,1.30294611698485,-1.15655768934204,0.147861335807587
-2.33282487062909,-0.172937495142655,-0.727729218831899,0.699347208838634,-0.626616121152112,0.453817160811154,-0.319312685781648,1.57722333946908,-1.35025633257589,-1.32575904929171
-1.49127670233999,-0.970616933023409,0.382611496573167,0.323738460961556,0.65923221908101,0.705581210493927,0.0537001701276089,0.939147811921616,0.0415409657205957,-0.373626997720785
-1.54232500374543,-0.134263800213356,-0.327233728058923,-0.214193896130984,0.00152031040845527,0.908243420011351,0.122961460771785,-0.0263529859438402,-1.29282054352967,-0.967768509450395
-3.40572930128423,-1.16707428668196,-0.226737408480984,-0.510268804041325,-1.18405131660768,-0.307234743264055,0.16399618646964,0.437586381911505,-3.53649486381904,-1.58871148730302
-2.97664806132557,-1.11370201134449,1.2540311421499,0.452907757804238,-0.0862138577419349,-0.0298490361099003,-0.0687200793291564,0.769249924361554,-2.28740020451532,-1.14045375326021
-1.31874006642153,0.84755701686282,1.56714600321307,1.69146572202924,0.895137781970784,1.5136483117088,1.80666706723938,1.7613165240666,-1.46759585645451,0.779054580016168
-1.66986422051064,-0.970698461847328,-0.40711916269568,-0.362481715446794,-0.338315441206376,-0.215101788294096,-1.07213246870571,1.53382592427955,-1.22671457154183,-0.721054056152844
-2.00797150232842,0.381774518829697,0.535184037950101,-0.591706560277436,-0.0637393398257802,0.394720255538431,-0.186425252254159,1.17279267627837,-1.96019358040724,-0.1974179918347
-2.14332432203424,-1.08769684306584,0.0411896195852968,-0.0140758797798398,-0.176320136775723,0.454180026688271,-0.867095323714172,0.596459234190969,-1.37568795755261,-0.0539610413700269
